userId,character,age,address,eatOut,drive,prRate,maxTravel
0,-0.45,23,Jurong East,0.64,1,0.91,32
1,-0.39,69,Bedok,0.76,1,0.4,24
2,0.04,37,Woodlands,0.5,1,0.86,30
3,-0.34,37,Geylang,0.64,1,0.61,29
4,-0.25,18,Jurong West,0.72,0,0.72,54
5,-0.41,52,Bishan,0.71,1,0.8,29
6,-0.18,44,Bukit Timah,0.56,1,0.77,30
7,-0.41,26,Toa Payoh,0.76,1,0.82,32
8,-0.48,70,Punggol,0.42,0,0.45,43
9,-0.23,66,Tampines,0.57,1,0.25,24
10,-0.16,64,Bukit Panjang,0.59,0,0.49,44
11,0.11,48,Toa Payoh,0.73,0,0.28,48
12,-0.18,41,Tampines,0.41,1,0.26,31
13,0.01,57,Sembawang,0.82,1,0.53,25
14,0.17,69,Kallang/Whampoa,0.42,1,0.44,22
15,0.17,39,Bedok,0.9,1,0.69,30
16,0.25,28,Woodlands,0.71,1,0.6,32
17,0.41,56,Bukit Merah,0.61,1,0.81,27
18,-0.16,40,Bishan,0.78,0,0.81,51
19,-0.04,51,Geylang,0.68,1,0.87,27
20,-0.31,23,Sembawang,0.9,1,0.63,34
21,-0.49,38,Choa Chu Kang,0.68,0,0.72,49
22,0.03,59,Bukit Timah,0.22,1,0.2,26
23,0.14,75,Marine Parade,0.69,1,0.46,24
24,0.13,31,Kallang/Whampoa,0.7,1,0.58,33
25,-0.32,75,Jurong West,0.53,0,0.47,42
26,0.25,21,Bukit Batok,0.56,0,0.58,55
27,-0.31,33,Hougang,0.77,0,0.72,53
28,-0.23,43,Jurong West,0.54,0,0.66,50
29,-0.39,22,Hougang,0.78,0,0.63,53
30,-0.41,43,Ang Mo Kio,0.67,1,0.47,31
31,0.04,22,Sengkang,0.75,0,0.78,56
32,-0.1,74,Clementi,0.43,1,0.36,26
33,-0.03,61,Geylang,0.37,1,0.7,25
34,-0.15,54,Marine Parade,0.6,1,0.61,30
35,0.38,42,Serangoon,0.58,0,0.53,48
36,0.18,39,Choa Chu Kang,0.64,1,0.68,31
37,-0.42,68,Bedok,0.55,1,0.28,25
38,0.02,49,Bukit Merah,0.53,1,0.59,28
39,0.16,70,Tampines,0.33,1,0.02,26
40,-0.11,25,Marine Parade,0.86,1,0.66,33
41,0.02,54,Toa Payoh,0.34,1,0.7,29
42,-0.11,22,Bukit Batok,0.78,0,0.81,54
43,0.17,38,Yishun,0.89,1,0.76,29
44,0.24,74,Sengkang,0.61,1,0.43,24
45,-0.2,63,Bedok,0.8,1,0.74,25
46,0.02,68,Pasir Ris,0.67,1,0.4,23
47,-0.36,47,Punggol,0.19,1,0.58,30
48,-0.13,69,Hougang,0.38,1,0.54,24
49,-0.23,47,Bukit Panjang,0.73,0,0.31,50
50,-0.18,41,Bukit Timah,0.8,1,0.56,30
51,-0.42,29,Bukit Panjang,0.55,1,0.09,32
52,0.5,69,Bukit Panjang,0.45,1,0.66,24
53,0.06,23,Geylang,0.63,0,0.99,54
54,-0.16,49,Bukit Timah,0.53,1,0.58,28
55,0.31,48,Toa Payoh,0.62,0,0.78,48
56,-0.02,60,Tampines,0.82,1,0.15,28
57,-0.24,65,Punggol,0.4,1,0.73,25
58,-0.01,41,Choa Chu Kang,0.67,1,0.69,30
59,0,25,Sembawang,0.61,0,0.89,52
60,0.4,63,Queenstown,0.8,1,0.96,26
61,-0.01,58,Bukit Batok,0.34,1,0.47,25
62,-0.45,67,Hougang,0.72,1,0.77,24
63,0.17,42,Hougang,0.77,0,0.53,49
64,0.27,38,Tampines,0.7,1,0.62,29
65,0.32,28,Marine Parade,0.89,0,0.73,51
66,-0.44,42,Pasir Ris,0.56,1,0.79,29
67,0.33,28,Punggol,0.62,1,0.44,34
68,-0.13,71,Bukit Batok,0.52,1,0.55,24
69,-0.23,65,Geylang,0.46,1,0.39,24
70,0.44,21,Jurong East,0.51,0,0.53,53
71,-0.39,51,Marine Parade,0.81,1,0.46,27
72,-0.18,55,Clementi,0.3,1,0.61,26
73,-0.06,51,Choa Chu Kang,0.73,1,0.74,30
74,0.19,47,Bukit Timah,0.14,1,0.91,30
75,-0.22,72,Bukit Panjang,0.49,1,0.41,25
76,-0.48,56,Serangoon,0.35,1,0.72,27
77,-0.02,20,Central Area,0.86,1,0.77,34
78,-0.36,68,Yishun,0.77,1,0.31,22
79,-0.28,67,Kallang/Whampoa,0.76,1,0.99,25
80,0.4,69,Tampines,0.76,1,0.04,25
81,-0.21,51,Central Area,0.79,0,0.93,48
82,-0.18,40,Sengkang,0.78,1,0.82,30
83,-0.44,32,Bukit Merah,0.62,1,0.63,32
84,-0.08,42,Queenstown,0.82,1,1,29
85,0,27,Bedok,0.6,1,1,32
86,0.02,62,Woodlands,0.66,1,0.33,26
87,-0.2,67,Kallang/Whampoa,0.34,1,0.27,24
88,-0.22,23,Jurong West,0.92,1,0.72,34
89,0.04,34,Bukit Panjang,0.74,1,0.8,31
90,0.44,22,Jurong East,0.89,0,0.75,54
91,0.29,24,Punggol,0.81,0,0.59,54
92,0.26,43,Hougang,0.68,1,0.92,29
93,-0.01,29,Bukit Panjang,0.22,1,0.56,32
94,-0.26,20,Bishan,0.83,1,0.58,35
95,0.43,19,Sembawang,0.7,1,1,33
96,0.05,20,Marine Parade,0.6,0,0.71,53
97,0.23,68,Jurong West,0.45,1,0.49,25
98,-0.21,29,Bukit Batok,1,0,0.45,51
99,0.17,65,Bukit Panjang,0.47,1,0.03,25
100,-0.47,39,Bukit Merah,0.58,1,0.62,30
101,-0.28,31,Sengkang,0.5,1,0.5,32
102,-0.07,50,Jurong East,0.2,1,0.9,28
103,0.48,46,Bedok,0.92,1,0.93,28
104,-0.36,60,Bukit Batok,0.58,1,0.17,25
105,-0.04,67,Punggol,0.64,1,0.73,25
106,-0.48,48,Clementi,0.76,1,0.6,27
107,-0.29,71,Bukit Batok,0.8,1,0.45,25
108,0.33,61,Queenstown,0.16,1,0.55,26
109,-0.18,23,Sengkang,0.76,1,0.63,33
110,0.46,28,Bukit Batok,0.51,1,0.58,31
111,-0.02,67,Ang Mo Kio,0.36,0,0.57,43
112,0.29,23,Bedok,0.68,1,1,34
113,-0.35,44,Sengkang,0.58,0,0.15,50
114,-0.44,27,Kallang/Whampoa,0.58,1,0.92,31
115,-0.41,56,Hougang,0.3,0,0.45,46
116,0.46,65,Toa Payoh,0.79,1,0.48,24
117,-0.26,43,Sengkang,0.57,1,0.07,31
118,-0.41,19,Geylang,0.73,0,0.87,54
119,-0.1,63,Toa Payoh,0.75,1,0.55,23
120,-0.44,22,Clementi,0.57,0,0.79,55
121,-0.37,63,Toa Payoh,0.67,1,0.37,26
122,0.1,62,Woodlands,0.28,1,0.5,27
123,0.35,33,Jurong West,0.51,1,0.43,32
124,0.48,39,Sembawang,1,0,0.6,50
125,0.35,68,Queenstown,0.6,1,0.5,24
126,-0.15,57,Ang Mo Kio,0.8,1,0.63,27
127,-0.15,61,Sembawang,0.7,1,0.35,25
128,-0.42,59,Queenstown,0.47,1,0.44,28
129,-0.06,24,Queenstown,0.65,0,1,55
130,0.25,29,Sembawang,0.4,1,0.84,30
131,-0.43,30,Hougang,0.67,1,0.64,31
132,0.28,34,Yishun,0.43,1,0.67,31
133,0.48,27,Bedok,0.95,1,0.77,32
134,0.23,62,Sengkang,0.47,1,0.44,25
135,0.28,39,Bukit Batok,0.53,0,0.53,49
136,0.5,52,Clementi,0.61,0,0.7,48
137,0.39,22,Bedok,0.8,1,0.97,34
138,-0.25,25,Jurong East,0.74,0,1,52
139,0.12,48,Punggol,0.43,1,0.53,29
140,-0.38,48,Marine Parade,0.46,1,0.78,28
141,-0.17,64,Sembawang,0.3,1,0.67,27
142,0.26,56,Jurong West,0.71,1,0.06,26
143,-0.27,23,Bukit Batok,0.77,0,0.57,54
144,-0.4,62,Woodlands,0.81,1,0.77,26
145,0.32,68,Hougang,0.65,0,0.72,45
146,0.17,65,Bukit Batok,0.47,1,0.58,23
147,-0.5,30,Toa Payoh,0.87,1,0.63,30
148,-0.37,66,Bukit Merah,0.73,1,0.41,25
149,-0.23,28,Yishun,0.86,1,0.91,30
150,0.33,22,Bedok,1,1,0.52,34
151,0.29,40,Punggol,0.63,1,0.96,30
152,0.14,49,Bukit Panjang,1,1,0.56,29
153,-0.19,52,Toa Payoh,0.7,1,0.47,28
154,-0.16,19,Bukit Merah,0.57,0,0.7,55
155,-0.22,73,Jurong West,0.57,1,0.39,24
156,0,42,Yishun,0.72,1,0.78,30
157,0.3,27,Sengkang,0.81,1,0.27,32
158,0.05,69,Bishan,0.81,1,0.52,23
159,0.08,29,Punggol,0.91,0,0.78,51
160,0.32,43,Pasir Ris,0.9,0,0.99,48
161,-0.13,72,Yishun,0.62,1,0.22,24
162,-0.41,20,Pasir Ris,0.97,1,0.86,33
163,-0.19,20,Sengkang,1,1,0.89,35
164,-0.34,55,Bishan,0.53,1,0.41,25
165,0.21,66,Toa Payoh,0.47,1,0.51,22
166,0.38,53,Geylang,0.77,1,0.7,26
167,-0.32,55,Marine Parade,0.67,1,0.82,24
168,0.16,24,Bedok,0.52,0,0.47,56
169,-0.35,64,Bukit Batok,0.6,1,0.37,26
170,0.21,51,Hougang,0.51,1,0.83,28
171,-0.08,33,Jurong East,0.64,1,0.64,31
172,-0.32,48,Sengkang,0.65,1,0.41,30
173,0.05,75,Yishun,0.61,1,0.59,24
174,0.1,26,Tampines,0.75,0,0.46,52
175,0.44,52,Jurong West,0.36,1,0.47,27
176,0.16,54,Woodlands,0.54,1,0.64,26
177,-0.02,39,Toa Payoh,0.6,1,0.63,30
178,-0.03,55,Clementi,0.42,1,0.78,26
179,0.04,50,Queenstown,0.59,0,0.91,48
180,0.29,37,Bukit Merah,0.54,0,0.49,51
181,-0.13,51,Kallang/Whampoa,0.82,1,0.82,27
182,-0.13,42,Bukit Merah,0.36,1,0.63,30
183,-0.4,55,Bishan,0.7,1,0.64,24
184,0.07,74,Pasir Ris,0.65,1,0.45,25
185,0.21,62,Kallang/Whampoa,0.63,0,0.55,46
186,0.03,31,Sembawang,0.6,1,0.64,33
187,0.03,37,Sembawang,1,0,1,49
188,-0.08,69,Tampines,0.47,1,0.51,26
189,0.47,37,Kallang/Whampoa,0.68,1,0.77,29
190,-0.26,60,Woodlands,0,1,0.49,25
191,0.19,59,Bukit Merah,0.55,0,0.95,46
192,0.43,26,Toa Payoh,0.83,0,0.79,51
193,-0.33,57,Tampines,0.44,1,0.79,25
194,-0.32,50,Choa Chu Kang,0.86,1,0.73,29
195,0.45,28,Central Area,0.85,0,0.47,51
196,0,18,Bukit Merah,0.72,1,0.69,32
197,-0.15,57,Sembawang,0.24,1,0.5,27
198,-0.28,42,Woodlands,0.72,1,0.92,29
199,-0.03,36,Sembawang,0.78,1,0.78,30
200,0.36,58,Central Area,0.52,1,0.23,25
201,-0.06,19,Bedok,0.75,0,0.52,53
202,0.47,39,Tampines,0.81,1,0.58,32
203,0.47,49,Sengkang,0.47,1,0.61,28
204,0.06,60,Woodlands,0.16,1,0.77,26
205,0.2,56,Bedok,0.51,1,0.5,27
206,-0.37,44,Toa Payoh,0.55,0,0.43,50
207,0.34,42,Woodlands,0.43,1,0.15,29
208,-0.15,55,Bukit Batok,0.17,1,0.52,25
209,0.45,38,Geylang,0.53,0,0.79,52
210,-0.43,30,Bedok,0.63,1,0.85,32
211,0.06,74,Ang Mo Kio,0.44,1,0.42,24
212,-0.01,42,Serangoon,0.63,1,0.49,29
213,-0.44,29,Hougang,0.81,0,0.98,54
214,-0.17,42,Kallang/Whampoa,0.83,1,0.54,29
215,-0.1,38,Bukit Batok,0.72,0,0.37,50
216,-0.24,57,Hougang,0.88,1,0.41,26
217,-0.31,67,Jurong West,0.46,0,0.44,44
218,0.15,71,Jurong West,0.57,1,0.72,27
219,-0.05,20,Bedok,0.56,1,0.51,33
220,0.44,72,Jurong East,0.64,1,0.64,24
221,0.33,60,Hougang,0.8,1,0.28,26
222,-0.44,53,Bukit Batok,0.68,1,0.3,29
223,-0.06,47,Bedok,0.55,1,0.56,29
224,-0.3,34,Serangoon,0.82,1,0.71,32
225,-0.35,52,Hougang,0.62,0,0.77,49
226,0.03,67,Queenstown,0.6,0,0.62,44
227,0.34,30,Choa Chu Kang,0,0,0.79,54
228,-0.02,31,Geylang,0.49,1,0.66,32
229,0.28,29,Kallang/Whampoa,0.75,1,0.71,33
230,-0.17,54,Kallang/Whampoa,0.6,1,0.32,28
231,0.41,43,Bishan,0.78,0,0.4,50
232,-0.11,45,Bishan,0.44,0,0.58,47
233,0.37,66,Jurong East,0.45,1,0.54,24
234,0.06,48,Choa Chu Kang,0.77,1,0.51,28
235,-0.44,58,Toa Payoh,0.62,0,0.67,46
236,-0.06,53,Queenstown,0.38,1,0.62,29
237,0.28,28,Pasir Ris,0.62,0,0.79,50
238,0.41,42,Serangoon,0.38,0,0.53,51
239,-0.42,40,Bishan,0.86,1,0.94,30
240,-0.03,54,Bukit Batok,0.51,0,0.75,48
241,-0.33,58,Bukit Batok,0.72,1,0.65,25
242,0.46,64,Jurong East,0.67,1,0.34,25
243,-0.34,33,Choa Chu Kang,1,1,0.82,30
244,0.32,35,Queenstown,0.82,1,0.54,30
245,-0.45,67,Tampines,0.65,1,0.69,23
246,0.11,19,Bukit Merah,0.6,0,0.76,54
247,-0.17,56,Bukit Merah,0.35,1,0.78,26
248,-0.46,32,Hougang,0.35,0,0.65,52
249,-0.42,70,Jurong West,0.53,1,0.5,24
250,-0.41,50,Bedok,0.66,0,0.61,46
251,0.16,55,Jurong East,0.74,1,0.6,25
252,-0.34,56,Bukit Merah,0.66,1,0.48,26
253,0.26,51,Serangoon,0.21,1,0.54,27
254,0.46,53,Geylang,0.26,1,0.77,28
255,-0.07,52,Bukit Merah,0.62,1,0.28,30
256,-0.27,60,Toa Payoh,0.7,0,0.6,45
257,0.01,74,Queenstown,0.32,1,0.25,24
258,0.44,29,Pasir Ris,1,0,0.71,52
259,-0.27,69,Bukit Batok,0.59,1,0.55,23
260,-0.2,28,Ang Mo Kio,0.95,0,0.54,53
261,0.22,54,Sengkang,0.55,1,0.66,28
262,-0.27,54,Choa Chu Kang,0.78,1,0.77,28
263,0.12,70,Central Area,0.29,1,0.63,24
264,-0.42,33,Punggol,0.7,1,0.75,32
265,-0.23,73,Queenstown,0.58,1,0.49,25
266,0.48,19,Serangoon,0.52,1,0.63,35
267,-0.41,47,Marine Parade,0.38,1,0.79,30
268,-0.43,45,Pasir Ris,0.68,0,0.4,49
269,-0.06,36,Tampines,0.59,1,0.48,30
270,0.14,26,Geylang,0.7,1,0.4,31
271,-0.06,61,Kallang/Whampoa,0.51,1,0.57,28
272,-0.2,58,Kallang/Whampoa,0.88,1,0.67,27
273,-0.15,67,Choa Chu Kang,0.54,1,0.28,23
274,-0.14,71,Choa Chu Kang,0.59,1,0.71,25
275,0.07,23,Ang Mo Kio,0.32,0,0.66,54
276,0.21,39,Jurong West,0.69,1,0.65,29
277,-0.11,28,Bukit Merah,0.67,0,0.64,52
278,0.18,30,Jurong West,0.9,1,0.88,32
279,-0.36,62,Punggol,0.76,1,0.39,26
280,0.24,42,Hougang,0.16,0,0.74,51
281,-0.24,51,Woodlands,0.5,1,0.69,29
282,0.47,41,Serangoon,0.38,0,0.65,50
283,0.19,18,Central Area,0.63,1,0.71,33
284,-0.27,52,Bukit Merah,0.65,1,0.39,27
285,0.1,43,Serangoon,1,0,0.6,51
286,-0.18,59,Sembawang,0.47,1,0.48,26
287,-0.16,74,Bedok,0.81,1,0.68,26
288,-0.48,26,Clementi,0.6,0,0.7,52
289,-0.01,56,Sembawang,0.38,1,0.32,27
290,-0.34,48,Bukit Merah,0.66,1,0.41,30
291,-0.22,41,Kallang/Whampoa,0.82,0,0.38,50
292,-0.12,42,Marine Parade,0.38,1,0.85,30
293,0.19,37,Bukit Batok,0.23,0,0.95,50
294,-0.27,62,Central Area,0.63,1,0.52,25
295,-0.2,23,Hougang,0.82,1,0.07,35
296,0.46,34,Tampines,0.77,0,0.39,52
297,0.04,45,Bedok,0.76,1,0.33,27
298,-0.26,44,Jurong West,0.49,0,0.67,50
299,-0.4,46,Sembawang,0.5,1,0.46,28
300,0.12,63,Marine Parade,0.47,1,0.6,26
301,-0.37,29,Ang Mo Kio,0.85,0,0.85,51
302,0.46,22,Pasir Ris,0.73,1,0.91,34
303,-0.02,54,Clementi,0.8,0,0.29,50
304,0.43,36,Jurong East,0.53,0,0.54,51
305,0.13,29,Sembawang,0.73,1,0.51,32
306,0.33,20,Sengkang,0.78,0,0.7,53
307,0.38,54,Clementi,0.76,1,0.88,28
308,0.36,34,Pasir Ris,1,0,0.77,53
309,-0.11,25,Bukit Merah,0.78,0,0.67,52
310,0.45,54,Marine Parade,0.65,1,0.36,28
311,-0.39,43,Bedok,0.7,1,0.76,30
312,0.25,39,Tampines,0.63,1,0.44,28
313,0.06,55,Jurong East,0.4,0,0.78,46
314,0.23,61,Sembawang,0.98,1,0.84,27
315,-0.33,29,Tampines,0.87,1,0.96,31
316,0.36,35,Jurong East,0.88,0,0.46,50
317,-0.06,54,Bukit Panjang,0.55,0,0.69,48
318,-0.17,71,Queenstown,0.49,0,0.56,45
319,0.27,33,Sembawang,1,0,0.39,52
320,-0.13,51,Bukit Merah,0.75,1,0.65,28
321,0,22,Bukit Batok,0.89,0,0.57,54
322,0.14,60,Sengkang,0.32,1,0.07,26
323,-0.11,46,Bukit Panjang,0.72,1,0.32,28
324,-0.17,30,Choa Chu Kang,0.98,1,0.88,33
325,0.37,25,Choa Chu Kang,0.65,0,0.51,52
326,-0.36,51,Jurong East,0.22,1,0.56,29
327,0.25,71,Bishan,0.31,1,0.22,25
328,0.47,52,Serangoon,0.66,0,0.44,49
329,0.4,72,Sengkang,0.11,1,0.79,22
330,-0.25,67,Hougang,0.71,1,0.24,24
331,-0.3,40,Punggol,0.45,1,0.8,30
332,0.41,49,Geylang,0.53,0,0.25,50
333,0.27,74,Sengkang,0.41,1,0.75,24
334,0.34,42,Geylang,0.92,1,0.62,31
335,-0.14,59,Queenstown,0.22,1,0.89,26
336,-0.46,61,Sembawang,0.48,1,0.5,23
337,0.28,74,Serangoon,0.75,1,0.4,26
338,-0.48,19,Bedok,0.39,1,1,35
339,-0.44,59,Bishan,0.15,1,0.73,25
340,-0.16,29,Choa Chu Kang,0.34,1,0.54,29
341,-0.31,32,Bedok,0.45,1,0.65,32
342,-0.43,30,Geylang,0.66,1,0.76,33
343,-0.36,27,Marine Parade,0.69,1,0.61,33
344,0.24,51,Sengkang,0.69,1,0.89,29
345,-0.26,42,Kallang/Whampoa,0.86,0,0.29,48
346,0.16,38,Yishun,0.57,1,0.53,30
347,0.38,26,Jurong West,0.78,0,0.7,54
348,0.03,65,Bukit Batok,0.59,0,0.39,44
349,-0.28,27,Yishun,0.56,0,0.66,51
350,-0.23,54,Bishan,0.86,1,0.48,27
351,-0.27,57,Hougang,0.55,0,0.52,45
352,-0.14,68,Choa Chu Kang,0.24,1,0.49,26
353,0.42,19,Bishan,0.75,0,0.49,56
354,0.24,34,Tampines,0.67,0,0.76,54
355,0.19,55,Pasir Ris,0.39,1,0.63,27
356,-0.25,67,Yishun,0.77,1,0.41,23
357,-0.29,43,Bedok,0.57,1,0.31,30
358,0.28,21,Bukit Batok,0.47,1,0.94,36
359,0.4,40,Pasir Ris,0.53,1,0.72,31
360,0.2,59,Ang Mo Kio,0.28,1,0.67,24
361,0.05,56,Serangoon,0.72,1,0.43,25
362,-0.35,72,Woodlands,0.61,1,0.62,27
363,0.07,54,Punggol,0.45,0,0.5,46
364,0.2,67,Bishan,0.52,1,0.27,25
365,0.44,43,Yishun,1,1,0.74,32
366,-0.23,47,Clementi,0.81,1,0.54,29
367,0.17,64,Kallang/Whampoa,0.3,0,0.49,45
368,-0.38,44,Bukit Batok,0.7,1,1,31
369,0.49,53,Pasir Ris,0.7,1,0.56,29
370,0.09,36,Tampines,0.75,0,0.78,47
371,0.4,68,Sembawang,0.58,1,0.64,23
372,0.37,51,Clementi,0.78,1,0.68,27
373,-0.3,31,Sembawang,1,1,0.74,32
374,-0.19,23,Yishun,0.66,0,0.95,53
375,-0.25,41,Sengkang,0.46,0,0.78,51
376,-0.19,49,Serangoon,0.68,1,0.73,28
377,-0.22,68,Queenstown,0.54,0,0.3,45
378,0.23,59,Bukit Batok,0.55,1,0.48,25
379,0.18,26,Yishun,0.75,0,0.75,52
380,-0.36,56,Kallang/Whampoa,0.63,1,0.7,25
381,0.46,67,Clementi,0.55,1,0.36,25
382,0.3,23,Queenstown,0.7,1,0.79,32
383,0.34,71,Geylang,0.52,1,0.73,23
384,-0.18,57,Clementi,0.47,1,0.69,27
385,-0.25,74,Punggol,0.39,0,0.32,44
386,-0.45,48,Hougang,0.5,1,0.26,28
387,0.27,54,Clementi,0.69,1,0.58,28
388,0.34,35,Sengkang,0.47,1,0.81,30
389,-0.28,22,Bukit Panjang,0.79,1,0.73,35
390,0.18,47,Sengkang,0.54,0,0.65,47
391,-0.37,29,Bishan,0.66,1,0.73,33
392,-0.14,31,Toa Payoh,0.64,0,0.93,51
393,0.25,18,Pasir Ris,1,1,0.64,34
394,-0.49,59,Jurong West,0.46,1,0.45,25
395,-0.33,35,Clementi,0.65,1,0.91,31
396,0.45,21,Yishun,0.62,1,0.66,34
397,0.48,68,Choa Chu Kang,0.76,1,0.38,24
398,0.36,39,Woodlands,0.68,1,0.83,31
399,-0.36,74,Yishun,0.18,0,0.45,45
400,0.25,65,Punggol,0.22,0,0.39,45
401,-0.31,44,Bukit Merah,0.6,1,0.84,30
402,0.31,26,Bukit Merah,0.84,1,0.54,34
403,0.46,50,Punggol,0.57,0,0.59,48
404,0.03,48,Bedok,0.6,1,0.8,27
405,-0.41,44,Kallang/Whampoa,1,1,0.73,29
406,0.32,73,Woodlands,1,1,0.61,24
407,0.01,28,Jurong West,0.42,0,0.76,53
408,-0.01,19,Sengkang,0.54,0,0.88,54
409,0.49,33,Yishun,0.6,1,0.6,33
410,-0.12,54,Tampines,0.71,1,0.8,26
411,0.08,49,Bukit Merah,0.63,0,0.86,49
412,0.4,63,Kallang/Whampoa,0.64,1,0.95,26
413,-0.1,26,Queenstown,0.94,1,0.44,31
414,0.28,69,Jurong West,0.53,0,0.61,44
415,-0.22,26,Bukit Batok,0.69,1,0.77,32
416,-0.27,51,Serangoon,0.59,1,1,28
417,0.38,69,Hougang,0.33,1,0.36,23
418,0.22,30,Kallang/Whampoa,0.62,0,0.54,53
419,0.46,41,Tampines,0.71,0,0.7,51
420,0.26,65,Queenstown,0.35,1,0.33,24
421,0.25,72,Jurong West,0.73,1,0.6,24
422,-0.29,40,Punggol,0.44,1,0.43,31
423,0.1,38,Sembawang,0.57,0,0.86,50
424,-0.3,31,Tampines,0.84,0,0.77,52
425,0.14,64,Pasir Ris,0.7,0,0.52,46
426,0.24,28,Jurong East,0.84,0,0.91,51
427,0.25,61,Bukit Panjang,0.28,1,0.81,26
428,-0.4,36,Clementi,0.74,1,1,30
429,0.17,19,Sengkang,0.75,1,1,34
430,-0.09,65,Sembawang,0.52,1,0.55,26
431,0.35,50,Central Area,0.65,1,0.51,28
432,0.46,40,Tampines,0.22,1,0.51,30
433,0.44,70,Sengkang,0.58,1,0.88,24
434,-0.14,69,Bedok,0.59,1,0.53,25
435,0.35,18,Jurong East,0.88,0,1,54
436,-0.33,55,Choa Chu Kang,0.58,1,0.45,26
437,0.16,52,Clementi,0.2,0,0.66,47
438,-0.34,49,Pasir Ris,0.46,1,0.44,28
439,0.5,49,Geylang,0.54,1,0.75,28
440,-0.22,20,Bishan,0.71,0,0.59,54
441,-0.44,60,Punggol,0.37,1,0.09,24
442,-0.46,73,Central Area,0.49,0,0.52,44
443,0.01,53,Pasir Ris,0.81,1,0.57,29
444,-0.37,33,Geylang,0.66,0,0.85,50
445,-0.08,54,Punggol,0.66,0,0.44,49
446,0.39,30,Punggol,0.61,1,0.42,31
447,0.48,32,Bukit Merah,0.22,1,0.86,31
448,-0.23,53,Bedok,0.59,1,0.5,28
449,-0.16,48,Bedok,0.15,1,0.91,27
450,-0.02,69,Hougang,0.34,1,0.35,25
451,-0.14,36,Punggol,0.52,1,0.54,31
452,-0.14,52,Serangoon,0.59,1,0.59,28
453,-0.38,56,Bukit Merah,0.49,1,0.35,24
454,0.48,33,Pasir Ris,0.76,1,0.75,32
455,-0.17,56,Sengkang,0.75,0,0.78,45
456,-0.03,58,Tampines,0.78,1,0.5,25
457,0.06,51,Yishun,0.61,1,0.58,26
458,-0.18,46,Queenstown,0.71,1,0.6,29
459,0.36,42,Hougang,0.94,1,0.58,29
460,-0.01,67,Queenstown,0.08,1,0.69,24
461,0.14,69,Punggol,0.75,1,0.73,24
462,0.03,35,Kallang/Whampoa,0.31,0,0.66,48
463,-0.23,25,Bukit Merah,0.46,1,0.74,31
464,-0.01,26,Sengkang,0.36,0,0.69,52
465,-0.14,22,Toa Payoh,0.71,1,0.66,33
466,0.35,38,Jurong West,0.45,1,0.76,29
467,0.46,56,Jurong West,0.46,1,0.32,25
468,0.21,73,Bukit Merah,0.18,1,0.6,24
469,0.41,32,Central Area,0.54,1,0.61,33
470,0.02,28,Sembawang,0.57,0,1,51
471,-0.5,72,Central Area,0.7,1,0.46,26
472,0.28,32,Bedok,0.62,1,0.88,33
473,0.23,69,Kallang/Whampoa,0.67,1,0.48,24
474,-0.12,28,Bedok,0.9,1,0.74,31
475,-0.07,31,Pasir Ris,0.36,1,0.8,33
476,0.31,53,Bishan,0.64,1,0.29,29
477,0.13,49,Ang Mo Kio,0.66,1,0.65,28
478,0.23,23,Bukit Merah,0.4,0,1,54
479,0.38,58,Toa Payoh,0.31,1,0.56,28
480,-0.09,21,Choa Chu Kang,0.39,0,0.62,53
481,0.13,19,Jurong East,0.92,0,0.42,55
482,0.34,29,Pasir Ris,0.82,1,0.86,32
483,0.36,23,Clementi,0.8,1,1,33
484,-0.45,45,Pasir Ris,0.97,1,0.63,29
485,-0.04,36,Bishan,1,0,0.75,49
486,-0.08,60,Choa Chu Kang,0.66,1,0.38,27
487,0.1,42,Pasir Ris,0.47,1,0.49,28
488,-0.12,38,Hougang,0.66,1,0.63,32
489,0.14,61,Woodlands,0.6,1,0.44,26
490,-0.12,23,Pasir Ris,0.89,1,0.83,35
491,0.04,36,Kallang/Whampoa,0.8,1,0.53,28
492,0.07,22,Hougang,0.77,1,0.96,34
493,-0.47,42,Serangoon,0.86,1,0.79,30
494,-0.12,44,Clementi,0.75,1,0.46,30
495,0.27,39,Toa Payoh,0.81,1,0.52,30
496,-0.02,31,Kallang/Whampoa,0.65,1,0.86,32
497,0.16,23,Geylang,0.74,1,0.64,33
498,-0.3,22,Bukit Panjang,0.9,0,0.37,56
499,0.05,51,Yishun,0.88,1,0.82,27
500,0.2,68,Serangoon,0.55,0,0.28,44
501,-0.02,29,Bishan,0.87,1,0.45,31
502,-0.05,36,Jurong East,0.56,1,0.59,29
503,-0.36,28,Clementi,1,1,0.75,32
504,0.43,56,Bukit Batok,0.66,1,0.73,27
505,0.39,70,Bishan,0.66,1,0.37,24
506,0.47,37,Queenstown,0.51,0,0.8,48
507,-0.12,74,Geylang,0.47,1,0.34,25
508,-0.29,23,Woodlands,0.97,0,1,54
509,-0.36,62,Clementi,0.21,0,0.24,44
510,0.33,75,Bedok,0.48,1,0.3,23
511,-0.38,53,Toa Payoh,0.75,0,0.42,48
512,-0.45,62,Bukit Batok,0.51,0,0.52,48
513,0.15,55,Bishan,0.37,1,0.4,27
514,0.31,42,Clementi,0.8,0,0.84,51
515,-0.49,57,Bukit Panjang,0.24,1,0.2,26
516,-0.16,70,Clementi,0.12,1,0.35,24
517,-0.13,51,Jurong West,0.7,1,0.68,28
518,-0.03,48,Ang Mo Kio,0.71,1,0.34,27
519,-0.08,21,Sengkang,0.48,1,0.87,32
520,-0.25,27,Hougang,0.74,1,0.76,33
521,-0.37,26,Queenstown,0.63,0,1,53
522,-0.19,74,Jurong East,0.55,1,0.31,23
523,0.03,65,Punggol,0.47,1,0.55,24
524,0.34,47,Hougang,0.23,1,0.35,28
525,0.36,61,Serangoon,0.24,1,0.72,26
526,-0.26,60,Sengkang,0.63,1,0.31,26
527,-0.33,64,Bedok,0.36,1,0.65,26
528,0.14,22,Bukit Batok,0.54,0,0.81,55
529,-0.28,44,Bishan,0.57,1,0.92,29
530,0.42,31,Yishun,0.6,0,0.61,51
531,-0.46,52,Pasir Ris,0.33,1,1,27
532,-0.37,56,Jurong East,0.43,0,0.56,46
533,0.09,53,Kallang/Whampoa,0.44,1,0.63,28
534,0.34,69,Kallang/Whampoa,0.53,1,0.34,25
535,-0.13,63,Choa Chu Kang,0.83,1,0.43,27
536,0.2,56,Tampines,0.52,0,0.81,47
537,0.33,39,Queenstown,0.74,1,1,31
538,-0.44,19,Yishun,0.79,1,0.46,33
539,0.41,50,Kallang/Whampoa,0.95,1,0.69,26
540,-0.47,45,Queenstown,0.71,0,0.54,49
541,0.03,57,Serangoon,0.47,1,0.46,26
542,-0.18,32,Clementi,0.56,1,0.81,33
543,-0.13,25,Jurong East,1,0,0.7,51
544,-0.48,28,Yishun,0.68,1,0.52,30
545,-0.49,60,Jurong West,0.27,1,0.76,27
546,0.01,71,Bukit Merah,0.37,1,0.46,24
547,0.13,40,Yishun,0.41,1,0.66,30
548,-0.13,53,Woodlands,0.64,1,0.72,28
549,0.03,39,Geylang,0.77,1,0.67,31
550,0.22,35,Pasir Ris,0.62,0,0.76,52
551,-0.18,36,Clementi,0.6,1,0.38,31
552,0.26,40,Bukit Panjang,0.53,1,0.48,30
553,0.06,52,Bedok,0.76,0,0.76,47
554,0.48,71,Woodlands,0.66,1,0.55,23
555,0.31,62,Toa Payoh,0.45,1,0.14,26
556,0.21,75,Central Area,0.23,1,0.54,24
557,-0.2,62,Bukit Batok,0.23,1,0.77,26
558,0.12,67,Tampines,0.76,1,0.4,22
559,-0.22,38,Kallang/Whampoa,0.87,0,0.62,52
560,0.48,49,Bukit Merah,0.5,1,0.93,28
561,-0.09,21,Bedok,1,1,0.84,33
562,0.4,42,Bishan,0.86,1,1,29
563,0.12,73,Bukit Merah,0.71,1,0.28,25
564,-0.37,30,Choa Chu Kang,0.91,1,0.58,32
565,-0.42,38,Ang Mo Kio,0.44,1,0.41,29
566,-0.5,53,Kallang/Whampoa,0.77,0,0.39,47
567,-0.39,43,Bukit Panjang,0.57,1,0.67,31
568,-0.18,32,Bishan,0.14,1,0.86,30
569,0.43,52,Jurong West,0.68,1,0.55,30
570,0.47,31,Sengkang,0.69,0,0.81,53
571,-0.4,47,Clementi,0.43,0,0.66,49
572,0.1,74,Clementi,0.34,1,0.32,23
573,-0.18,26,Sengkang,0.51,0,0.78,53
574,0.44,26,Bedok,0.95,1,0.43,31
575,-0.1,46,Sembawang,0.82,1,0.49,26
576,0.25,32,Kallang/Whampoa,1,1,0.55,31
577,-0.43,29,Punggol,1,1,0.5,31
578,-0.15,22,Bukit Panjang,0.16,0,0.82,55
579,0.26,46,Queenstown,0.68,1,0.78,27
580,0.38,46,Choa Chu Kang,0.54,1,0.84,30
581,0.34,62,Hougang,0.64,0,0.58,46
582,-0.02,60,Kallang/Whampoa,0.6,1,0.57,26
583,-0.28,59,Sembawang,0.66,0,0.44,47
584,-0.03,46,Yishun,0.58,0,0.55,48
585,-0.04,53,Clementi,0.35,1,1,27
586,0.31,50,Geylang,0.82,1,0.74,27
587,-0.43,52,Bedok,0.88,1,0.46,26
588,-0.48,57,Geylang,0.56,1,0.8,25
589,-0.3,66,Bukit Merah,0.54,1,0.82,22
590,0.42,21,Tampines,0.95,0,0.97,54
591,0.25,60,Sembawang,0.46,1,0.38,25
592,-0.04,68,Toa Payoh,0.56,1,0.81,23
593,0.43,43,Bukit Merah,0.66,1,0.83,31
594,-0.42,69,Bedok,0.69,1,0.7,24
595,-0.16,28,Ang Mo Kio,1,1,0.7,33
596,0.36,25,Geylang,0.51,1,0.65,34
597,-0.21,74,Bishan,0.92,0,0.7,45
598,-0.28,52,Tampines,0.36,0,0.63,48
599,-0.1,53,Central Area,0.51,1,0.81,28
600,-0.3,23,Bukit Batok,0.71,0,0.98,52
601,-0.26,31,Bishan,0.34,0,0.65,49
602,0.14,20,Hougang,0.72,0,0.81,54
603,0.28,65,Yishun,0.61,1,0.62,23
604,-0.07,39,Queenstown,0.75,1,0.69,31
605,0.09,62,Bukit Panjang,0.74,0,0.26,46
606,0.26,40,Geylang,0.68,1,0.48,31
607,-0.17,40,Hougang,0.8,1,0.42,30
608,0.38,34,Choa Chu Kang,0.53,1,0.67,32
609,0.29,47,Bukit Merah,0.65,1,0.76,29
610,-0.38,40,Bedok,0.61,1,0.5,31
611,0.03,28,Hougang,1,1,0.37,30
612,-0.27,37,Kallang/Whampoa,0.59,1,0.32,29
613,-0.27,62,Yishun,0.56,1,0.51,27
614,-0.16,64,Tampines,0.67,0,0.12,46
615,0.28,33,Woodlands,0.78,1,0.75,32
616,-0.38,51,Choa Chu Kang,0.6,1,0.42,28
617,0.1,21,Tampines,0.53,1,0.66,34
618,0.44,31,Jurong West,0.71,1,0.56,33
619,0.23,58,Ang Mo Kio,0.41,1,0.71,27
620,0.31,49,Serangoon,0.67,1,0.84,29
621,-0.17,26,Serangoon,0.68,1,0.7,31
622,0.04,21,Geylang,0.87,1,0.64,35
623,-0.25,58,Jurong East,0.58,0,0.64,47
624,0.13,39,Kallang/Whampoa,0.93,1,0.67,30
625,0.08,34,Queenstown,0.96,1,0.73,34
626,-0.36,32,Bukit Batok,0.65,0,1,51
627,-0.02,74,Pasir Ris,0.66,1,0.73,23
628,0.23,36,Sembawang,0.56,1,0.62,30
629,0.06,31,Yishun,0.31,1,0.87,33
630,-0.03,62,Ang Mo Kio,0.31,1,0.46,25
631,0.15,72,Sengkang,0.56,1,0.05,23
632,-0.28,51,Jurong West,0.42,0,0.51,48
633,-0.47,43,Sembawang,0.71,1,0.5,30
634,-0.37,58,Punggol,0.67,1,0.62,25
635,-0.18,59,Choa Chu Kang,0.48,1,0.57,27
636,0.5,57,Bukit Merah,0.9,1,0.62,25
637,0.46,33,Woodlands,0.47,0,0.69,52
638,-0.18,72,Bishan,0.43,1,0.37,24
639,-0.03,32,Ang Mo Kio,0.84,1,0.78,33
640,-0.44,23,Bukit Merah,0.83,1,1,34
641,0.16,60,Woodlands,0.91,1,0.7,26
642,-0.1,53,Hougang,0.51,0,0.19,48
643,-0.18,49,Toa Payoh,0.53,0,0.66,50
644,0.31,55,Bukit Batok,0.15,1,0.95,26
645,0.33,67,Toa Payoh,0.61,1,0.48,24
646,0.36,65,Bukit Batok,0.56,0,0.21,44
647,0.34,38,Queenstown,0.91,0,1,51
648,0.3,73,Tampines,0.57,1,0.49,24
649,0.02,53,Jurong East,0.33,1,0.52,28
650,0.27,65,Bedok,0.3,1,0.39,25
651,0.07,37,Central Area,0.55,1,0.85,28
652,0.29,42,Kallang/Whampoa,0.61,0,0.96,49
653,-0.49,57,Jurong East,0.31,1,0.58,26
654,0.15,31,Tampines,0.67,0,0.75,52
655,-0.06,62,Bukit Panjang,0.67,0,0.62,47
656,0.09,64,Sembawang,0.32,1,1,26
657,0.16,63,Choa Chu Kang,0.82,1,0.88,27
658,0.48,19,Serangoon,1,1,1,33
659,-0.41,58,Bukit Panjang,0.42,1,0.39,27
660,0.38,20,Sembawang,0.76,0,0.39,54
661,0.28,48,Jurong West,0.32,1,1,27
662,-0.31,21,Bukit Batok,0.28,0,0.44,54
663,-0.28,59,Bukit Merah,0.52,1,0.53,26
664,0.01,55,Bukit Batok,0.58,1,0.4,26
665,-0.27,51,Choa Chu Kang,0.36,1,0.36,26
666,0.12,64,Yishun,0.59,1,0.18,24
667,0.44,55,Bedok,0.54,0,0.82,45
668,-0.28,45,Central Area,0.8,1,0.89,28
669,0.23,53,Central Area,0.75,1,0.57,27
670,0.26,33,Bukit Merah,1,0,0.76,50
671,-0.28,44,Kallang/Whampoa,0.51,0,0.68,53
672,0.04,24,Kallang/Whampoa,1,0,0.82,54
673,-0.13,51,Bukit Batok,0.84,1,0.63,27
674,0.3,32,Serangoon,0.6,1,0.84,33
675,0.35,47,Woodlands,0.59,1,0.55,30
676,-0.49,69,Tampines,0.57,1,0.2,23
677,0.39,32,Bukit Merah,0.61,1,0.52,30
678,0,63,Jurong East,0.32,0,0.67,44
679,0.21,38,Bukit Batok,0.91,1,0.76,31
680,-0.16,24,Yishun,0.54,1,0.77,33
681,-0.18,64,Bukit Batok,0.19,1,0.42,27
682,0.44,63,Sengkang,0.56,1,0.67,25
683,0.28,71,Serangoon,0.29,1,0.57,24
684,-0.07,19,Jurong West,0.85,0,0.66,53
685,0.22,49,Kallang/Whampoa,0.53,1,0.32,28
686,0.31,22,Kallang/Whampoa,0.31,1,0.91,34
687,-0.05,71,Bukit Batok,0.35,0,0.62,44
688,-0.1,50,Serangoon,0.83,1,0.84,29
689,-0.43,47,Bukit Merah,0.16,1,0.31,28
690,0.09,45,Punggol,0.97,1,0.65,28
691,0.02,55,Bukit Panjang,0.63,1,0.74,28
692,-0.28,75,Choa Chu Kang,0.3,1,0.16,24
693,0.01,35,Punggol,0.55,0,0.92,49
694,-0.36,28,Bukit Panjang,0.75,1,0.66,31
695,-0.35,22,Jurong West,0.24,1,0.57,34
696,0.44,47,Jurong East,0.49,1,0.86,29
697,0.12,29,Pasir Ris,0.8,1,1,32
698,0.22,70,Bishan,0.8,1,0.67,23
699,-0.47,39,Hougang,0.76,1,0.75,31
700,0.23,26,Serangoon,0.72,1,0.65,33
701,0.24,28,Bedok,0.76,0,0.58,51
702,-0.18,72,Bukit Merah,0.26,1,0.22,23
703,-0.06,71,Tampines,0.26,1,0.2,25
704,-0.13,52,Ang Mo Kio,0.54,1,0.22,28
705,0.02,47,Woodlands,0.82,1,0.71,30
706,-0.12,64,Bukit Merah,0.74,1,0.76,25
707,-0.16,66,Bedok,0.43,1,0.22,23
708,0.19,36,Sembawang,0.29,1,0.76,31
709,-0.19,63,Punggol,0.52,1,1,26
710,-0.5,20,Punggol,0.42,0,0.87,53
711,0.46,66,Bukit Batok,0.59,1,0.16,21
712,-0.12,74,Bishan,0.5,1,0.6,22
713,0.08,48,Bukit Merah,0.67,1,0.62,29
714,0.41,21,Bukit Panjang,0.73,0,0.49,53
715,0.25,51,Woodlands,0.68,1,0.82,29
716,-0.06,56,Kallang/Whampoa,0.56,0,0.39,49
717,-0.44,26,Bukit Batok,0.96,0,0.5,53
718,0.07,27,Sengkang,0,0,0.52,53
719,-0.23,23,Central Area,0.78,0,0.99,52
720,0.34,68,Clementi,0.42,1,0.25,25
721,-0.38,61,Yishun,0.85,1,0.54,26
722,-0.1,29,Kallang/Whampoa,0.73,0,0.67,52
723,0.28,66,Bishan,0.4,1,0.57,24
724,-0.2,42,Jurong East,0.4,1,0.8,30
725,-0.12,52,Tampines,0.63,0,0.8,47
726,-0.18,41,Pasir Ris,0.76,0,0.68,50
727,0.34,29,Bishan,0.88,0,0.77,53
728,0.46,36,Bedok,0.52,1,0.94,31
729,0.27,45,Jurong East,0.77,1,0.73,28
730,-0.14,41,Pasir Ris,0.85,1,0.76,30
731,-0.19,52,Tampines,0.74,1,0.55,29
732,-0.33,51,Punggol,0.55,0,0.66,49
733,0.35,20,Woodlands,0.68,1,0.68,34
734,-0.2,41,Geylang,0.62,1,0.68,31
735,-0.49,31,Toa Payoh,0.87,0,0.56,52
736,0,60,Jurong West,0.64,0,0.7,48
737,0.29,49,Queenstown,0.94,1,0.78,28
738,0.42,33,Sembawang,0.78,0,0.71,52
739,0.4,21,Sembawang,0.24,1,0.89,33
740,0.21,72,Bedok,0.57,1,0.89,26
741,0.19,20,Bishan,0.64,1,0.73,35
742,-0.36,71,Yishun,0.38,1,0.41,24
743,-0.16,25,Jurong West,0.48,1,0.52,31
744,0.38,34,Jurong West,0.9,1,0.73,31
745,-0.2,36,Queenstown,0.74,1,0.64,28
746,-0.43,18,Serangoon,1,1,0.75,33
747,0.02,57,Sengkang,0.65,1,0.34,25
748,-0.39,74,Bukit Panjang,0.51,0,0.66,45
749,-0.41,41,Bukit Panjang,0.53,1,0.39,31
750,-0.1,25,Geylang,0.68,1,0.84,33
751,-0.07,29,Sembawang,1,1,0.65,32
752,-0.3,68,Bukit Merah,0.27,1,0.56,24
753,0.11,74,Bedok,0.34,1,0.41,23
754,0.41,58,Yishun,0.65,0,0.53,47
755,0.31,23,Serangoon,1,1,0.81,33
756,0.46,20,Bukit Batok,0.9,1,0.61,34
757,0.37,56,Bukit Panjang,0.43,1,0.72,25
758,0.41,49,Punggol,0.92,1,0.51,28
759,0.41,35,Sengkang,0.48,1,0.41,30
760,-0.34,72,Punggol,0.33,1,0.68,26
761,-0.14,68,Queenstown,0.76,1,0.23,23
762,-0.22,20,Pasir Ris,0.44,1,0.81,35
763,0.18,22,Sengkang,0.86,0,0.52,56
764,0.08,32,Jurong East,0.95,1,0.77,32
765,0.2,22,Sengkang,0.53,1,0.77,35
766,-0.07,23,Bukit Panjang,0.67,1,0.35,33
767,-0.12,28,Bedok,0.75,1,0.41,32
768,-0.48,21,Bukit Batok,0.26,1,1,36
769,-0.23,71,Ang Mo Kio,0.98,1,0.57,22
770,-0.03,65,Toa Payoh,0.63,1,0.21,24
771,-0.48,56,Bukit Panjang,0.4,1,0.67,26
772,-0.41,42,Woodlands,0.56,0,0.52,49
773,0.01,36,Choa Chu Kang,0.7,1,0.68,30
774,-0.17,63,Jurong East,0.55,1,0.5,26
775,0.2,67,Bedok,0.51,1,0.89,25
776,-0.48,60,Punggol,0.51,1,0.48,24
777,-0.49,58,Jurong East,0.53,0,0.69,47
778,-0.09,27,Yishun,0.94,1,0.43,32
779,-0.44,25,Tampines,0.67,1,0.85,32
780,0.24,19,Bukit Batok,0.75,1,0.5,34
781,-0.48,32,Jurong East,0.74,1,0.68,33
782,-0.24,73,Serangoon,0.32,0,0.42,43
783,0.45,58,Tampines,0.11,1,0.51,26
784,0.03,58,Jurong West,0.43,1,0.61,26
785,-0.12,56,Yishun,0.28,1,0.23,27
786,0.1,18,Jurong East,0.62,0,0.29,54
787,0.17,33,Toa Payoh,0.67,1,0.84,30
788,0.08,58,Queenstown,0.4,1,0.28,24
789,0.48,20,Bedok,0.61,0,0.92,53
790,-0.3,54,Sembawang,0.48,0,0.56,49
791,0.37,36,Bukit Panjang,0.83,1,0.65,31
792,-0.01,66,Bishan,0.32,1,0.37,23
793,0.5,65,Jurong East,0.21,1,0.66,25
794,0.5,50,Toa Payoh,0.7,1,0.72,28
795,-0.01,32,Bedok,0.54,1,0.42,33
796,-0.25,71,Sengkang,0.38,1,0.49,23
797,-0.31,53,Jurong East,0.53,1,0.42,28
798,0.06,45,Bishan,0.48,1,0.78,29
799,0.1,40,Clementi,0.92,1,0.9,30
800,-0.01,39,Kallang/Whampoa,0.93,1,0.97,31
801,0.13,34,Kallang/Whampoa,0.87,1,0.64,32
802,-0.18,25,Ang Mo Kio,0.89,0,0.82,53
803,0.38,45,Woodlands,0.89,0,0.46,48
804,-0.21,44,Choa Chu Kang,0.75,0,0.56,50
805,-0.43,61,Clementi,0.78,1,0.61,26
806,-0.33,72,Jurong East,0.44,0,0.73,45
807,-0.2,49,Geylang,0.64,1,1,29
808,0.24,48,Yishun,0.41,0,0.71,49
809,0.34,63,Geylang,0.61,1,0.6,25
810,-0.09,60,Yishun,0.66,0,0.28,46
811,0,71,Bukit Merah,0.78,1,0.47,23
812,0.17,68,Bukit Batok,0.35,1,0.6,24
813,0.29,38,Clementi,0.65,1,0.46,31
814,-0.32,73,Bedok,0.69,1,0.63,24
815,-0.09,23,Tampines,0.97,0,1,53
816,0.1,65,Clementi,0.4,1,0.31,24
817,-0.29,23,Bukit Batok,0.87,1,0.37,34
818,0.49,40,Sengkang,0.91,1,0.48,29
819,0.31,69,Sengkang,0.69,1,0.44,25
820,0.4,59,Bishan,0.33,1,0.29,28
821,0.28,42,Clementi,0.65,1,0.7,30
822,0.2,63,Bedok,0.39,1,0.62,26
823,0,61,Choa Chu Kang,0.49,1,0.68,25
824,0.09,61,Bukit Panjang,0.43,1,0.58,27
825,-0.03,22,Kallang/Whampoa,0.63,1,0.85,35
826,0.1,44,Bukit Merah,0.86,1,0.78,30
827,0.43,40,Serangoon,0.76,1,0.46,29
828,-0.13,49,Jurong East,0.49,1,0.29,27
829,-0.04,24,Sembawang,0.83,0,0.81,56
830,-0.17,28,Bedok,0.58,1,0.77,31
831,-0.09,71,Choa Chu Kang,0.85,1,0.21,25
832,0.08,36,Serangoon,0.65,1,0.74,30
833,-0.39,48,Bukit Panjang,0.55,1,0.69,28
834,0.41,25,Woodlands,0.67,1,0.67,31
835,0.25,55,Jurong East,0.42,1,0.85,27
836,-0.38,20,Bukit Merah,1,0,0.5,55
837,0.33,37,Yishun,0.94,1,0.63,29
838,0.23,40,Bishan,0.59,1,0.66,30
839,0.15,22,Jurong East,0.4,0,0.53,53
840,0.48,44,Choa Chu Kang,0.8,1,0.5,27
841,-0.01,45,Hougang,0.76,1,0.63,30
842,0.04,49,Sengkang,0.57,1,0.93,27
843,-0.19,19,Queenstown,0.87,1,0.55,35
844,0.14,64,Punggol,0.35,0,0.68,44
845,0.06,53,Jurong West,0.47,1,0.52,28
846,0.06,51,Serangoon,0.42,1,0.68,28
847,0,18,Jurong West,0.72,0,0.86,54
848,0.36,30,Queenstown,0.65,1,0.91,33
849,0.34,22,Ang Mo Kio,0.74,0,0.84,53
850,0.44,37,Bukit Panjang,0.97,1,0.49,31
851,-0.42,74,Ang Mo Kio,0.8,1,0.44,24
852,-0.16,39,Punggol,0.53,1,0.26,29
853,0.2,31,Queenstown,0.64,0,0.44,52
854,-0.25,30,Queenstown,0.79,1,0.74,32
855,-0.04,57,Bukit Merah,0.56,1,0.68,25
856,0.29,60,Serangoon,0.42,1,0.57,25
857,-0.43,40,Sembawang,0.49,1,0.68,31
858,-0.16,31,Bukit Merah,0.63,1,0.7,31
859,-0.19,39,Pasir Ris,0.83,0,0.85,50
860,-0.02,61,Queenstown,0.39,1,0.46,25
861,-0.03,19,Serangoon,0.59,0,0.87,53
862,0.11,42,Ang Mo Kio,0.64,0,0.77,50
863,-0.07,70,Choa Chu Kang,0.47,1,0.31,24
864,-0.22,30,Jurong East,1,1,0.69,32
865,-0.45,23,Geylang,0.82,0,0.85,55
866,0.16,48,Kallang/Whampoa,0.39,1,0.51,27
867,0.07,35,Woodlands,0.73,1,0.91,30
868,-0.05,40,Tampines,0.57,0,0.4,51
869,-0.26,39,Sengkang,0.97,0,0.89,47
870,0.06,57,Pasir Ris,0.8,1,0.64,26
871,-0.5,19,Tampines,0.97,1,0.87,35
872,-0.32,30,Punggol,0.33,0,0.59,52
873,0.12,38,Punggol,0.93,1,0.27,30
874,-0.3,27,Bedok,0.72,1,0.66,33
875,0.21,33,Punggol,0.86,1,0.59,32
876,-0.05,54,Bukit Batok,0.63,1,0.61,27
877,0.33,42,Toa Payoh,0.81,1,0.73,30
878,-0.01,72,Sengkang,1,1,0.34,24
879,-0.38,24,Clementi,0.73,1,0.8,33
880,0.34,29,Sengkang,0.91,1,0.87,33
881,-0.27,30,Clementi,0.67,1,0.68,31
882,0.42,31,Sengkang,0.35,1,0.89,31
883,0.04,43,Punggol,0.58,1,0.83,31
884,-0.4,52,Bukit Panjang,0.74,0,0.38,49
885,0.04,27,Pasir Ris,0.73,1,0.58,31
886,-0.48,59,Choa Chu Kang,0.27,1,0.78,26
887,-0.06,22,Serangoon,0.58,0,0.73,54
888,-0.06,49,Bukit Batok,0.44,1,0.8,27
889,-0.15,55,Clementi,0.87,1,0.29,26
890,-0.16,24,Tampines,0.23,1,0.38,35
891,0.25,25,Bukit Batok,0.46,1,0.41,30
892,0.21,45,Punggol,0.83,1,0.91,31
893,-0.42,34,Kallang/Whampoa,0.57,1,0.51,31
894,0,30,Yishun,0.54,1,0.86,32
895,0.38,67,Bukit Merah,0.51,1,0.35,26
896,-0.4,35,Tampines,1,1,0.54,28
897,-0.26,44,Jurong West,0.67,1,0.67,29
898,-0.38,30,Kallang/Whampoa,0.57,0,0.48,52
899,-0.34,21,Jurong West,0.84,0,0.86,53
900,0.26,35,Yishun,0.79,0,0.56,49
901,-0.17,63,Clementi,0.88,1,0.44,25
902,0.2,42,Bukit Batok,0.64,0,0.75,49
903,0.25,28,Sembawang,0.61,1,0.6,32
904,-0.13,19,Tampines,0.64,0,0.71,54
905,0.44,51,Bishan,0.75,1,0.45,29
906,0.04,20,Serangoon,0.72,0,0.57,53
907,-0.05,57,Bukit Batok,0.69,1,0.58,27
908,0.27,26,Queenstown,0.94,1,0.85,32
909,-0.35,74,Bukit Merah,0.93,1,0.69,24
910,-0.38,57,Pasir Ris,0.6,1,0.14,27
911,-0.04,64,Kallang/Whampoa,0.68,0,0.52,45
912,-0.41,70,Woodlands,0.23,1,0.39,22
913,0.25,46,Jurong West,0.47,1,0.63,27
914,0.12,20,Sengkang,1,1,1,36
915,-0.25,37,Pasir Ris,0.8,1,0.7,30
916,0.08,20,Sengkang,0.91,1,0.82,34
917,0.44,46,Geylang,0.87,0,0.49,49
918,-0.18,70,Kallang/Whampoa,0.34,1,0.67,25
919,-0.09,50,Geylang,0.88,1,0.76,25
920,0.34,64,Jurong West,0.7,1,0.64,26
921,0.48,26,Toa Payoh,0.79,1,0.87,33
922,0.02,49,Clementi,0.17,1,0.64,28
923,0.41,53,Geylang,0.44,0,0.84,48
924,0.37,58,Kallang/Whampoa,0.76,1,0.56,27
925,-0.15,46,Geylang,0.78,1,0.98,27
926,-0.11,52,Bishan,0.78,1,0.54,29
927,0.18,29,Woodlands,0.51,1,0.7,33
928,0.05,41,Toa Payoh,0.46,1,0.93,29
929,-0.48,65,Bukit Batok,0.36,1,0.3,25
930,0.27,61,Jurong East,0.37,1,0.25,26
931,-0.02,58,Jurong East,0.57,1,0.44,26
932,0.04,55,Bedok,0.61,1,0.64,27
933,0.38,67,Pasir Ris,0.22,1,0.65,24
934,-0.26,30,Jurong West,0.38,1,0.3,34
935,-0.12,49,Sembawang,0.46,1,0.68,29
936,0.3,58,Tampines,0.48,1,0.5,27
937,0.19,43,Bedok,0.74,1,0.47,30
938,-0.09,64,Hougang,0.51,1,0.74,26
939,-0.45,51,Geylang,0.27,0,1,48
940,-0.44,70,Punggol,0.55,1,0.23,24
941,0.33,66,Geylang,0.28,1,0.14,24
942,-0.08,54,Choa Chu Kang,0.6,0,0.54,48
943,0.25,55,Clementi,0.71,0,0.18,47
944,-0.34,19,Woodlands,0.17,1,0.26,34
945,-0.44,29,Bedok,0.62,0,0.47,51
946,-0.23,58,Clementi,1,1,0.15,27
947,-0.39,67,Jurong West,0.62,1,0.67,23
948,-0.25,60,Bukit Merah,0.8,1,0.58,26
949,0.02,33,Sembawang,0.49,0,1,51
950,-0.42,19,Yishun,0.57,0,0.81,53
951,0.09,68,Sembawang,0.59,1,0.51,23
952,-0.44,70,Sengkang,0.38,0,0.2,45
953,0.15,52,Queenstown,0.33,1,1,28
954,0.48,74,Clementi,0.58,1,0.45,25
955,0.42,32,Tampines,0.51,0,0.83,52
956,-0.41,27,Bukit Merah,0.55,1,0.36,32
957,-0.46,59,Hougang,0.73,1,0.38,28
958,0.35,24,Pasir Ris,0.9,0,0.88,54
959,0.26,26,Hougang,0.15,1,1,31
960,-0.34,65,Sembawang,0.38,1,0.52,23
961,-0.34,19,Punggol,0.64,1,0.59,35
962,0.13,67,Bukit Panjang,0.31,1,0.42,24
963,0.1,44,Serangoon,0.49,0,0.67,51
964,-0.08,39,Kallang/Whampoa,0.4,0,0.6,50
965,0.38,30,Bukit Merah,0.5,1,1,33
966,-0.12,50,Jurong West,0.81,1,0.81,28
967,0.5,67,Hougang,0.39,1,0.01,24
968,0.33,32,Jurong West,0.7,0,0.64,52
969,0.3,42,Choa Chu Kang,0.74,1,0.69,30
970,-0.3,39,Ang Mo Kio,0.45,1,1,29
971,0.15,22,Bedok,0.78,1,0.74,34
972,-0.07,72,Choa Chu Kang,0.59,1,0.52,25
973,0.19,63,Bukit Panjang,0.74,1,0.59,27
974,0.48,47,Pasir Ris,0.79,1,0.49,28
975,-0.4,45,Sembawang,0.54,1,0.88,30
976,-0.49,67,Serangoon,0.52,1,0.59,24
977,-0.24,65,Bukit Merah,0.27,1,0.1,26
978,-0.48,39,Bedok,0.66,1,0.72,28
979,-0.13,59,Punggol,0.52,1,0.54,26
980,0.03,37,Tampines,0.67,1,0.47,30
981,0.26,65,Woodlands,0.64,1,0.57,24
982,0.42,61,Geylang,0.6,1,0.79,27
983,0.17,20,Sengkang,0.49,0,0.79,56
984,-0.29,47,Choa Chu Kang,0.88,0,0.64,50
985,0.49,25,Hougang,0.73,1,1,31
986,0.22,42,Clementi,0.51,1,0.59,30
987,0.29,39,Bukit Batok,0.98,0,0.55,49
988,-0.11,29,Hougang,0.66,0,0.53,52
989,0.06,43,Hougang,1,1,0.6,31
990,0.3,40,Woodlands,0.55,1,0.29,29
991,0.13,59,Jurong West,0.42,1,0.47,28
992,-0.21,36,Hougang,0.52,1,0.83,29
993,0.02,44,Bukit Merah,0.52,1,0.72,28
994,-0.02,31,Sengkang,0.77,0,0.65,54
995,0.46,32,Woodlands,0.23,0,0.71,54
996,0.4,69,Geylang,1,1,0.5,24
997,-0.06,57,Punggol,0.81,1,0.23,28
998,-0.11,72,Jurong West,0.33,1,0.66,24
999,0.28,52,Bukit Panjang,0.68,1,0.6,29
1000,0.44,62,Tampines,0.63,1,0.83,26
1001,0.16,37,Kallang/Whampoa,0.73,0,0.02,51
1002,0.29,37,Bukit Batok,0.63,1,0.88,32
1003,0.39,23,Bukit Panjang,0.89,0,0.64,55
1004,-0.46,61,Punggol,0.35,1,0.61,26
1005,-0.31,55,Serangoon,0.97,1,0.83,26
1006,-0.49,60,Bukit Batok,0.25,1,0.47,23
1007,0.14,25,Serangoon,0.69,1,0.74,31
1008,0.49,68,Tampines,0.38,1,0.72,22
1009,-0.5,43,Tampines,0.46,1,0.66,30
1010,0.49,72,Bukit Batok,0.19,1,0.62,23
1011,-0.19,37,Yishun,0.68,1,0.8,29
1012,0.36,46,Sengkang,0.61,1,0.56,28
1013,0.3,73,Sengkang,0.36,1,0.61,25
1014,-0.02,59,Sengkang,0.97,1,0.84,26
1015,0.32,60,Bedok,0.85,1,0.88,25
1016,0.04,32,Yishun,0.7,1,0.33,32
1017,0.46,21,Serangoon,0.64,0,0.83,53
1018,0.3,32,Punggol,0.77,1,0.37,33
1019,-0.38,58,Jurong East,0.86,1,0.56,25
1020,0.05,70,Bukit Batok,0.84,1,0.46,24
1021,0.45,75,Bukit Batok,0.34,1,0.46,22
1022,0.43,53,Bedok,0.38,1,0.37,27
1023,-0.1,45,Hougang,0.48,0,1,49
1024,-0.22,62,Jurong West,0.55,1,0.1,27
1025,0.36,75,Queenstown,0.14,1,0.5,25
1026,0.03,51,Bukit Batok,0.62,1,0.47,27
1027,0.21,64,Sengkang,0.67,0,0.99,45
1028,-0.43,58,Choa Chu Kang,0.44,1,0.34,24
1029,0.34,70,Woodlands,0.05,1,0.54,25
1030,-0.07,31,Bukit Merah,1,1,0.39,32
1031,-0.03,52,Jurong East,0.84,1,0.76,26
1032,-0.22,44,Bedok,0.68,1,0.66,30
1033,0.02,66,Toa Payoh,0.53,1,0.27,24
1034,0.07,54,Yishun,0.8,0,0.61,47
1035,-0.28,35,Queenstown,1,1,0.51,30
1036,-0.06,37,Bukit Merah,0.53,1,0.52,29
1037,0.39,66,Queenstown,0.35,1,0.28,26
1038,0.45,21,Tampines,0.79,1,0.69,35
1039,0.29,48,Geylang,0.63,1,0.91,26
1040,0.46,33,Geylang,0.88,1,0.59,31
1041,0.39,67,Bukit Merah,0.02,1,0.35,24
1042,-0.32,18,Tampines,0.65,1,0.64,35
1043,0.23,35,Punggol,0.63,0,0.76,50
1044,-0.49,39,Geylang,1,0,0.77,50
1045,-0.29,44,Jurong West,0.4,1,0.46,29
1046,-0.42,58,Pasir Ris,0.96,1,0.51,27
1047,0.36,67,Sengkang,0.37,1,0.52,25
1048,-0.47,47,Jurong East,0.49,0,0.66,48
1049,-0.43,31,Jurong West,0.69,1,0.73,31
1050,-0.19,30,Geylang,0.84,0,0.48,54
1051,0.49,63,Jurong West,0.41,1,0.75,26
1052,-0.31,40,Woodlands,0.77,1,0.38,29
1053,-0.04,38,Punggol,0.93,1,0.7,29
1054,0.36,29,Punggol,0.64,1,0.65,31
1055,0.24,33,Woodlands,0.85,0,0.53,52
1056,0.29,66,Hougang,0.38,1,0.42,24
1057,-0.16,40,Bukit Merah,0.76,0,0.51,51
1058,-0.14,61,Pasir Ris,0.64,1,0.35,25
1059,0.46,71,Bukit Batok,0.43,1,0.67,25
1060,-0.4,54,Choa Chu Kang,0.78,1,0.74,28
1061,0.46,21,Geylang,0.49,1,0.74,35
1062,0.4,63,Woodlands,0.58,1,0.67,27
1063,-0.27,67,Kallang/Whampoa,0.42,1,0.43,23
1064,0.48,33,Sengkang,0.34,1,0.62,31
1065,-0.25,70,Bukit Merah,0.46,1,0.38,25
1066,0.46,58,Bukit Merah,0.47,1,0.3,27
1067,-0.43,67,Geylang,0.66,1,0.74,24
1068,0.04,63,Bedok,0.48,1,0.64,25
1069,-0.27,42,Queenstown,0.5,0,0.63,48
1070,-0.3,18,Choa Chu Kang,1,0,0.87,56
1071,-0.28,25,Bukit Batok,0.85,0,0.79,52
1072,-0.48,32,Choa Chu Kang,0.99,0,0.77,52
1073,0.47,51,Tampines,0.7,1,0.62,31
1074,-0.16,50,Ang Mo Kio,0.25,1,0.59,28
1075,-0.5,50,Hougang,0.81,1,0.5,27
1076,0.26,70,Sengkang,0.48,1,0.21,25
1077,-0.31,57,Punggol,0.73,0,0.35,47
1078,0.18,21,Ang Mo Kio,0.58,1,0.72,33
1079,-0.02,33,Sembawang,0.46,1,0.55,31
1080,-0.38,40,Choa Chu Kang,0.59,1,1,30
1081,-0.3,52,Toa Payoh,0.8,1,0.83,27
1082,-0.4,23,Geylang,0.87,1,0.96,34
1083,-0.24,53,Yishun,0.58,0,0.5,49
1084,-0.01,27,Sembawang,0.85,1,0.45,32
1085,0.4,62,Queenstown,0.47,1,0.89,27
1086,0.28,39,Woodlands,0.47,0,0.6,50
1087,0.42,18,Bukit Panjang,0.97,1,1,34
1088,-0.03,35,Yishun,1,1,0.64,32
1089,-0.26,42,Bedok,0.79,1,0.72,29
1090,-0.14,58,Bedok,0.23,1,0.63,26
1091,-0.19,68,Sembawang,0.73,1,0.74,24
1092,0.1,63,Bukit Merah,0.48,1,0.19,26
1093,-0.39,69,Bukit Merah,0.53,1,0.76,24
1094,0.23,19,Bedok,0.77,0,0.7,54
1095,-0.28,31,Bukit Batok,0.64,0,0.43,52
1096,-0.22,66,Yishun,0.66,1,0.59,23
1097,0,20,Toa Payoh,0.91,1,0.75,34
1098,0.44,32,Pasir Ris,0.5,1,0.82,33
1099,-0.34,20,Queenstown,0.64,1,0.94,34
1100,0.34,66,Sembawang,0.36,0,0.44,45
1101,-0.31,51,Hougang,0.21,1,0.68,28
1102,-0.36,69,Geylang,0.26,0,0.63,44
1103,0.18,56,Pasir Ris,0.71,0,0.78,46
1104,-0.28,64,Tampines,0.43,1,0.49,24
1105,-0.04,26,Geylang,0.73,1,0.25,31
1106,0.23,61,Sembawang,0.76,1,0.72,26
1107,-0.48,32,Bukit Panjang,0.36,1,0.94,31
1108,-0.43,38,Bukit Panjang,0.66,1,0.76,29
1109,0.24,57,Sembawang,0.08,0,0.43,44
1110,-0.37,39,Bukit Merah,0.89,1,0.68,29
1111,-0.2,62,Tampines,0.75,0,0.5,46
1112,0.12,32,Geylang,0.9,1,0.84,34
1113,0.16,64,Jurong East,0.51,1,0.54,25
1114,-0.02,26,Jurong West,0.5,0,0.46,51
1115,-0.11,28,Bedok,0.65,0,0.78,54
1116,0.2,69,Toa Payoh,0.28,1,0.52,24
1117,0.1,65,Pasir Ris,0.4,1,0.73,26
1118,0.13,49,Kallang/Whampoa,0.17,0,0.53,47
1119,0.28,18,Tampines,0.76,0,0.93,54
1120,-0.36,67,Tampines,0.57,1,0.41,24
1121,0.34,56,Hougang,0.24,0,0.45,46
1122,0.08,59,Jurong East,0.48,1,0.51,26
1123,-0.14,55,Pasir Ris,0.36,1,0.56,28
1124,-0.26,24,Bedok,0.89,0,1,53
1125,-0.01,34,Geylang,0.68,1,0.46,29
1126,0.25,58,Jurong West,0.46,1,0.48,25
1127,-0.12,32,Sengkang,0.57,0,0.86,52
1128,-0.27,58,Queenstown,0.47,1,0.73,24
1129,-0.12,36,Queenstown,0.25,1,0.61,31
1130,-0.46,21,Geylang,0.59,1,0.38,34
1131,0.1,45,Kallang/Whampoa,0.68,1,0.65,29
1132,0.13,67,Kallang/Whampoa,0.39,0,0.22,44
1133,-0.5,53,Bukit Merah,0.71,1,0.74,27
1134,0.05,43,Sengkang,0.57,0,1,49
1135,0.29,29,Yishun,0.7,0,0.81,52
1136,0.32,63,Jurong West,0.64,1,0.5,25
1137,-0.35,30,Choa Chu Kang,0.99,0,1,54
1138,-0.27,73,Kallang/Whampoa,0.79,1,0.48,24
1139,0.38,27,Hougang,0.54,0,1,53
1140,-0.05,51,Woodlands,0.41,1,0.9,27
1141,0.06,33,Queenstown,0.58,0,0.89,52
1142,-0.22,57,Bukit Panjang,0.26,0,0.45,46
1143,0.07,31,Pasir Ris,0.79,0,0.65,52
1144,0.25,55,Pasir Ris,0.69,1,0.35,25
1145,0.43,20,Woodlands,0.75,1,0.74,34
1146,0.03,20,Sengkang,1,1,0.52,35
1147,-0.46,68,Sengkang,0.49,1,0.29,24
1148,0.15,28,Yishun,0.58,0,0.63,52
1149,-0.12,40,Kallang/Whampoa,0.46,1,0.52,30
1150,0.23,23,Tampines,0.63,1,0.57,34
1151,0.08,61,Bukit Panjang,0.57,1,0.6,25
1152,0.43,62,Jurong West,0.39,1,0.13,25
1153,0.29,46,Queenstown,0.66,1,0.68,28
1154,0.46,61,Toa Payoh,0.72,1,0.21,26
1155,-0.24,74,Geylang,0.93,1,0.25,24
1156,0.45,45,Toa Payoh,0.64,1,0.75,26
1157,0.24,37,Bedok,0.32,1,0.94,28
1158,-0.4,36,Ang Mo Kio,0.59,1,0.73,30
1159,-0.06,42,Woodlands,0.55,1,0.98,31
1160,0.43,54,Bukit Merah,0.6,0,0.85,49
1161,-0.35,65,Geylang,0.89,1,0.51,24
1162,0.25,29,Queenstown,0.79,1,1,31
1163,-0.04,62,Bukit Merah,0.16,1,0.33,26
1164,-0.12,39,Jurong West,0.7,0,0.94,51
1165,-0.39,28,Toa Payoh,0.64,0,0.49,53
1166,-0.06,41,Bedok,0.86,1,0.47,28
1167,0.13,40,Kallang/Whampoa,0.9,1,0.66,30
1168,0.46,60,Choa Chu Kang,0.61,1,0.63,26
1169,-0.11,59,Choa Chu Kang,0.82,1,0.46,26
1170,-0.45,30,Kallang/Whampoa,0.86,1,0.69,32
1171,0.37,65,Tampines,0.69,1,0.8,23
1172,0.19,34,Pasir Ris,0.76,1,0.95,32
1173,-0.29,25,Tampines,0.47,1,0.87,31
1174,0.09,23,Toa Payoh,0.93,1,0.67,32
1175,0.44,56,Yishun,0.48,1,0.43,25
1176,0.36,65,Bedok,0.44,0,0.56,44
1177,-0.5,64,Sengkang,0.27,0,0.46,46
1178,-0.36,51,Bukit Batok,0.56,0,0.68,48
1179,0.19,50,Kallang/Whampoa,0.69,1,0.79,28
1180,0.28,72,Geylang,0.49,1,0.53,24
1181,0.2,65,Hougang,0.56,1,0.86,24
1182,0.13,73,Punggol,0.48,1,0.63,25
1183,0.07,50,Bukit Panjang,0.36,1,0.6,30
1184,0.07,36,Tampines,1,1,0.54,29
1185,0.36,33,Yishun,0.94,0,0.62,52
1186,0.01,28,Hougang,0.88,0,0.48,51
1187,0.04,64,Kallang/Whampoa,0.46,1,0.59,28
1188,0.24,43,Toa Payoh,0.95,0,0.93,51
1189,-0.33,41,Toa Payoh,1,0,0.86,51
1190,-0.34,58,Jurong West,0.66,1,0.56,26
1191,0.18,50,Hougang,0.06,1,1,27
1192,0.28,65,Sengkang,0.17,0,0.57,45
1193,-0.02,59,Toa Payoh,0.47,1,0.61,25
1194,-0.34,43,Toa Payoh,0.43,1,0.36,30
1195,-0.03,57,Bukit Panjang,0.45,1,0.28,26
1196,-0.33,41,Sengkang,0.55,1,0.92,30
1197,-0.07,61,Yishun,0.64,1,0.42,27
1198,0.14,21,Bukit Panjang,0.79,1,0.58,34
1199,0.33,69,Choa Chu Kang,0.01,1,0.52,24
1200,0.42,22,Hougang,0.75,1,0.75,33
1201,0.32,64,Woodlands,0.62,1,0.58,26
1202,-0.31,73,Woodlands,0.41,1,0.44,23
1203,0.33,26,Yishun,0.73,0,0.66,50
1204,-0.35,23,Sengkang,0.53,1,1,34
1205,-0.26,68,Hougang,0.26,1,0.7,25
1206,-0.2,56,Bukit Batok,0.66,0,0.65,48
1207,0.43,27,Tampines,0.84,1,0.73,32
1208,-0.13,74,Choa Chu Kang,0.31,1,0.39,24
1209,-0.37,36,Sengkang,0.77,1,0.77,30
1210,0.34,24,Hougang,0.61,1,0.7,34
1211,0.05,62,Bukit Merah,0.61,1,0.35,26
1212,-0.3,72,Kallang/Whampoa,0.52,1,0.16,24
1213,0.38,63,Yishun,0.62,1,0.36,24
1214,0.28,72,Sengkang,0.67,1,0.21,23
1215,0.31,26,Tampines,0.8,1,0.51,29
1216,-0.14,62,Tampines,0.48,1,0.51,25
1217,0.22,63,Bukit Batok,0.48,1,0.72,27
1218,0.02,27,Kallang/Whampoa,0.31,1,0.48,31
1219,0,55,Tampines,0.6,1,0.56,24
1220,0.03,72,Ang Mo Kio,0.38,1,0.39,25
1221,-0.04,24,Woodlands,0.55,0,0.74,56
1222,0.06,19,Bedok,0.74,1,0.77,35
1223,0.25,42,Yishun,0.51,1,0.78,30
1224,0.11,62,Kallang/Whampoa,0.47,1,0.62,26
1225,-0.37,20,Sengkang,0.97,0,0.8,53
1226,0.29,49,Ang Mo Kio,0.68,1,0.77,27
1227,-0.16,73,Sengkang,0.57,1,0.4,25
1228,0.46,52,Jurong West,0.69,1,0.65,26
1229,-0.19,35,Choa Chu Kang,0.72,1,0.73,28
1230,-0.26,69,Kallang/Whampoa,0.91,1,0.44,25
1231,-0.2,27,Tampines,0.5,1,0.45,33
1232,0.47,56,Jurong West,0.28,1,0.42,25
1233,-0.37,56,Bukit Panjang,0.49,1,0.43,25
1234,-0.05,55,Choa Chu Kang,0.3,1,0.35,26
1235,-0.15,23,Bukit Merah,0.54,0,0.62,54
1236,0.21,52,Hougang,0.13,1,0.41,29
1237,-0.32,63,Punggol,0.55,1,0.75,26
1238,-0.14,32,Tampines,0.73,1,0.65,31
1239,-0.22,73,Bukit Merah,0.41,1,0.86,24
1240,0.44,56,Sengkang,0.31,1,0.62,25
1241,-0.39,41,Bukit Panjang,0.81,1,0.05,30
1242,0.3,63,Bukit Panjang,0.38,1,0.68,25
1243,0.06,35,Bukit Panjang,0.63,0,0.72,51
1244,-0.41,36,Bukit Panjang,0.45,1,0.5,30
1245,-0.3,21,Sengkang,0.77,1,0.78,33
1246,-0.36,19,Punggol,0.48,1,0.8,34
1247,-0.03,34,Sengkang,0.82,1,0.6,33
1248,-0.18,25,Sengkang,0.93,1,0.46,31
1249,-0.08,47,Sengkang,0.55,1,0.61,28
1250,-0.14,66,Bukit Batok,0.36,1,0.56,25
1251,-0.07,40,Toa Payoh,0.68,1,0.75,31
1252,0.18,30,Jurong West,0.51,1,0.35,32
1253,0.31,60,Woodlands,0.27,1,0.44,26
1254,-0.29,29,Jurong West,1,1,0.64,30
1255,-0.09,29,Sengkang,0.53,1,0.41,31
1256,0.1,61,Sengkang,0.34,1,0.5,26
1257,-0.37,72,Tampines,0.52,1,0.43,25
1258,-0.33,50,Bukit Merah,0.49,1,0.36,27
1259,0.23,38,Punggol,0.42,0,0.68,52
1260,0.38,70,Hougang,0.59,1,0.67,23
1261,0.35,40,Yishun,0.68,1,0.63,29
1262,-0.42,19,Woodlands,0.75,1,0.67,34
1263,0.19,64,Tampines,0.1,0,0.76,46
1264,0.19,19,Tampines,1,1,0.98,36
1265,-0.48,38,Woodlands,0.58,1,0.18,29
1266,0.16,65,Pasir Ris,0.47,0,0.38,44
1267,0.33,41,Ang Mo Kio,0.45,1,0.54,31
1268,-0.24,64,Bedok,0.83,1,0.71,25
1269,-0.11,35,Bukit Batok,0.76,1,0.53,30
1270,0.09,47,Sengkang,0.87,1,0.89,28
1271,-0.14,53,Sengkang,0.7,1,0.22,30
1272,-0.07,47,Punggol,0.65,1,0.35,27
1273,-0.13,35,Pasir Ris,0.9,1,0.62,31
1274,-0.47,53,Choa Chu Kang,0.65,1,0.76,28
1275,-0.3,67,Bukit Merah,0.6,1,0.41,24
1276,0.38,62,Woodlands,0.33,0,0.54,46
1277,0.27,66,Hougang,0.55,1,1,21
1278,-0.05,59,Yishun,0.16,0,0.7,45
1279,-0.2,46,Bukit Panjang,0.63,0,0.49,48
1280,0.02,21,Hougang,0.29,0,0.88,53
1281,0.3,59,Pasir Ris,0.3,1,0.2,26
1282,0.01,55,Bedok,0.54,1,0.54,27
1283,0.32,67,Bedok,0.5,1,0.89,24
1284,0.26,56,Bukit Batok,0.27,1,0.44,25
1285,-0.23,31,Tampines,1,0,0.77,52
1286,-0.23,64,Woodlands,0.25,1,0.65,26
1287,-0.2,28,Bukit Batok,1,1,0.54,31
1288,0.2,40,Bukit Merah,0.3,1,0.59,30
1289,-0.14,73,Pasir Ris,0.61,0,0.4,43
1290,0.32,57,Jurong West,0.86,1,0.53,26
1291,-0.09,67,Hougang,0.55,1,0.26,25
1292,-0.01,18,Woodlands,0.55,1,0.42,34
1293,0.04,41,Hougang,0.9,1,0.47,31
1294,0.19,68,Bukit Panjang,0.57,1,0.12,24
1295,0.09,54,Bukit Batok,0.55,1,0.71,27
1296,-0.32,40,Yishun,0.98,1,0.51,29
1297,0.06,66,Ang Mo Kio,0.36,1,0.13,24
1298,-0.28,61,Bukit Merah,1,1,0.74,26
1299,-0.32,70,Bedok,0.52,1,0.6,25
1300,0.36,34,Choa Chu Kang,0.6,0,0.74,50
1301,-0.47,56,Toa Payoh,0.64,1,0.88,26
1302,0.06,63,Toa Payoh,0.36,0,0.35,47
1303,-0.38,38,Punggol,0.64,1,0.59,30
1304,0.02,20,Tampines,0.66,1,0.78,33
1305,0.26,60,Punggol,0.6,1,0.6,26
1306,0.1,32,Pasir Ris,0.7,0,0.65,53
1307,0.4,30,Bukit Batok,0.96,1,0.88,32
1308,-0.15,32,Punggol,1,1,0.83,32
1309,-0.36,54,Pasir Ris,0.43,1,0.82,29
1310,-0.14,59,Choa Chu Kang,0.47,1,0.52,25
1311,0.15,40,Bukit Batok,0.84,0,0.77,51
1312,0.01,58,Toa Payoh,0.64,1,0.87,26
1313,0.36,66,Pasir Ris,0.32,1,0.34,25
1314,0.02,50,Bukit Merah,0.22,1,0.48,28
1315,-0.04,35,Toa Payoh,0.68,1,0.62,31
1316,-0.14,55,Yishun,0.18,1,0.55,25
1317,0.42,47,Bukit Merah,0.71,1,0.58,30
1318,0.4,18,Bukit Batok,0.85,0,0.91,55
1319,0.06,52,Sengkang,0.48,1,0.49,28
1320,-0.36,34,Woodlands,0.49,0,0.67,54
1321,0.44,66,Hougang,0.82,1,0.66,21
1322,-0.35,57,Tampines,0.39,1,1,26
1323,0.24,33,Bukit Merah,0.64,1,0.85,32
1324,-0.32,73,Hougang,0.5,1,0.32,25
1325,0.06,67,Woodlands,0.08,1,0.2,24
1326,0.36,46,Hougang,0.47,1,0.59,26
1327,0.22,19,Sengkang,0.67,0,0.84,53
1328,-0.5,39,Toa Payoh,0.47,1,0.7,31
1329,0.29,49,Tampines,0.37,1,0.41,29
1330,0.26,68,Punggol,0.29,1,0.54,24
1331,-0.32,59,Bukit Panjang,0.67,0,0.82,45
1332,-0.26,24,Pasir Ris,0.83,0,0.88,55
1333,0.36,72,Toa Payoh,0.24,1,0.55,23
1334,-0.42,46,Choa Chu Kang,1,1,0.38,31
1335,-0.5,65,Woodlands,0.65,1,0.46,24
1336,0.36,60,Hougang,0.69,1,1,26
1337,0.2,28,Bedok,0.71,1,1,31
1338,0.17,24,Bedok,0.94,1,0.79,34
1339,0.02,61,Sengkang,0.38,1,0.45,27
1340,0.13,19,Bedok,0.59,0,0.61,53
1341,0.34,70,Bukit Panjang,0.39,1,0.74,24
1342,0.31,68,Woodlands,0.98,1,0.41,24
1343,-0.23,42,Woodlands,0.89,1,1,29
1344,-0.4,22,Hougang,0.71,0,0.97,57
1345,-0.34,74,Punggol,0.31,1,0.71,23
1346,-0.3,47,Bukit Batok,0.47,1,0.68,27
1347,-0.32,68,Bukit Merah,0.31,1,0.51,24
1348,-0.07,53,Pasir Ris,0.65,1,0.48,29
1349,0.09,47,Hougang,0.68,1,0.85,27
1350,-0.45,51,Choa Chu Kang,0.47,1,0.26,28
1351,0.08,45,Bedok,0.59,1,0.71,26
1352,-0.08,62,Hougang,0.24,0,0.64,47
1353,-0.24,40,Woodlands,0.59,1,0.31,30
1354,0.2,36,Bukit Batok,0.52,1,0.84,30
1355,0.21,61,Choa Chu Kang,0.77,1,0.48,25
1356,0.49,29,Bedok,0.57,1,0.64,32
1357,-0.26,67,Bukit Merah,0.56,1,0.25,23
1358,0.27,53,Toa Payoh,0.93,1,0.64,29
1359,-0.43,61,Choa Chu Kang,0.87,1,0.86,26
1360,0.33,30,Pasir Ris,0.51,0,0.98,53
1361,-0.46,25,Bukit Merah,0.68,1,0.88,30
1362,-0.08,63,Bukit Panjang,0.73,1,0.48,25
1363,0.13,70,Jurong West,0.44,1,0.32,25
1364,-0.38,21,Punggol,0.71,0,0.58,54
1365,0.45,59,Bukit Panjang,0.48,0,0.35,46
1366,0.36,52,Pasir Ris,0.33,0,0.72,49
1367,0.42,62,Tampines,0.47,0,0.51,47
1368,0.46,69,Yishun,0.82,1,0.34,24
1369,0.23,30,Toa Payoh,0.77,0,0.77,51
1370,0.2,66,Toa Payoh,0.68,1,0.45,25
1371,-0.13,28,Bukit Merah,0.84,1,0.14,32
1372,-0.49,19,Toa Payoh,0.7,0,0.76,54
1373,0.4,61,Toa Payoh,0.46,0,0.3,46
1374,-0.11,53,Bukit Merah,0.77,1,0.66,28
1375,0.44,59,Yishun,0.41,1,0.8,26
1376,-0.11,61,Bukit Merah,0.93,0,0.78,47
1377,-0.16,58,Pasir Ris,0.66,1,0.38,26
1378,-0.24,37,Punggol,0.94,0,0.98,51
1379,-0.13,61,Hougang,0.35,1,0.55,25
1380,-0.11,27,Bedok,0.45,1,0.73,31
1381,0.19,37,Woodlands,0.99,0,0.51,48
1382,-0.43,57,Punggol,0.77,0,0.4,45
1383,-0.26,72,Choa Chu Kang,0.24,1,0.48,25
1384,0.13,61,Tampines,0.37,1,0.62,26
1385,0.36,54,Pasir Ris,0.34,1,0.76,26
1386,0.2,28,Punggol,0.8,1,0.63,33
1387,-0.38,69,Hougang,0.49,1,0.59,22
1388,0.14,31,Yishun,1,1,0.49,32
1389,-0.4,39,Pasir Ris,0.79,1,0.43,31
1390,0.31,37,Jurong West,0.56,1,0.27,30
1391,0.02,45,Bukit Merah,0.77,1,0.24,27
1392,0.21,57,Jurong West,0.45,1,0.28,24
1393,0.11,57,Bukit Panjang,0.29,1,0.54,26
1394,-0.43,58,Ang Mo Kio,0.48,1,0.56,27
1395,0.4,30,Woodlands,0.89,0,0.77,53
1396,0.2,71,Punggol,0.54,1,0.6,24
1397,0.44,69,Tampines,0.44,1,0.76,24
1398,-0.29,21,Sengkang,0.53,0,0.74,53
1399,-0.02,32,Toa Payoh,0.91,1,0.88,31
1400,-0.24,49,Jurong West,0.8,0,0.76,47
1401,-0.13,41,Sengkang,0.71,1,0.43,30
1402,-0.03,74,Yishun,0.62,1,0.21,26
1403,0.18,47,Bukit Panjang,0.25,1,0.75,29
1404,-0.21,48,Punggol,0.54,1,0.37,28
1405,-0.2,44,Choa Chu Kang,0.46,0,0.4,49
1406,0.11,59,Bukit Merah,0.52,0,0.83,47
1407,0.5,35,Yishun,0.45,1,0.8,31
1408,-0.25,57,Ang Mo Kio,0.49,1,0.73,26
1409,0.45,75,Bukit Merah,0.67,1,0.48,24
1410,0.02,66,Hougang,0.57,1,0.42,25
1411,-0.41,23,Yishun,0.88,1,0.96,33
1412,0.37,54,Punggol,0.64,1,0.42,27
1413,0.39,42,Sengkang,0.53,1,0.5,31
1414,-0.26,20,Yishun,1,0,0.87,54
1415,-0.47,70,Woodlands,0.41,1,0.69,23
1416,-0.03,51,Choa Chu Kang,0.57,1,0.35,27
1417,-0.35,23,Bukit Panjang,0.98,1,0.24,34
1418,0.15,72,Sengkang,0.37,1,0.79,25
1419,0.25,20,Bukit Merah,0.68,1,0.7,35
1420,-0.16,21,Bukit Panjang,0.92,0,0.68,53
1421,-0.05,63,Toa Payoh,0.67,1,0.83,27
1422,0.28,26,Choa Chu Kang,0.76,0,0.77,50
1423,0.36,35,Toa Payoh,0.51,1,0.59,28
1424,-0.03,53,Yishun,0.47,1,0.67,27
1425,0.38,57,Choa Chu Kang,0.97,1,0.65,27
1426,-0.35,25,Punggol,0.83,1,0.85,32
1427,-0.25,42,Bedok,0.59,1,0.53,29
1428,0.43,46,Jurong West,0.94,1,0.93,28
1429,0.02,33,Bukit Panjang,0.85,1,0.42,32
1430,0.15,22,Sengkang,0.69,1,0.69,33
1431,0.31,40,Choa Chu Kang,0.51,0,0.81,50
1432,0.02,57,Tampines,0.5,1,0.68,26
1433,-0.37,68,Punggol,0.13,1,0.55,23
1434,0.11,27,Jurong West,0.55,1,0.59,34
1435,-0.27,40,Woodlands,0.54,1,0.47,30
1436,0.01,31,Hougang,0.77,1,0.72,31
1437,0.08,68,Bedok,0.44,1,0.2,25
1438,-0.09,74,Bedok,0.41,1,0.57,24
1439,0.49,27,Bukit Panjang,0.88,0,0.8,52
1440,0.42,67,Tampines,0.38,1,0.39,24
1441,0.3,24,Choa Chu Kang,0.76,0,1,55
1442,-0.09,25,Woodlands,0.54,0,0.86,54
1443,-0.17,61,Tampines,0.65,1,0.7,26
1444,0.36,48,Choa Chu Kang,0.71,1,0.68,29
1445,-0.27,46,Toa Payoh,0.67,1,1,29
1446,0.35,21,Choa Chu Kang,0.85,0,1,54
1447,0.34,61,Bukit Panjang,0.61,0,0.52,45
1448,0.16,53,Toa Payoh,0.42,0,0.34,49
1449,-0.2,64,Sengkang,0.76,1,0.43,25
1450,-0.33,72,Tampines,0.44,0,0.84,44
1451,-0.49,61,Choa Chu Kang,0.48,1,0.49,27
1452,-0.41,55,Hougang,0.37,1,0.42,25
1453,0.32,21,Hougang,0.73,1,0.59,33
1454,-0.43,64,Pasir Ris,0.51,1,0.78,25
1455,0.33,68,Bukit Panjang,0.34,1,0.68,25
1456,0,25,Punggol,0.5,1,0.63,31
1457,-0.35,75,Jurong West,0.45,1,0.78,23
1458,0.32,70,Ang Mo Kio,0.39,1,0.35,24
1459,-0.2,20,Punggol,0.93,0,0.71,55
1460,0.1,32,Punggol,1,0,0.69,53
1461,-0.13,35,Toa Payoh,0.37,1,0.56,30
1462,0.01,70,Bukit Panjang,0.51,1,0.69,23
1463,-0.24,26,Jurong West,0.92,1,0.75,32
1464,0.32,30,Toa Payoh,0.53,0,0.46,51
1465,0.21,61,Toa Payoh,0.09,0,0.71,44
1466,0.39,67,Tampines,0.31,1,0.86,24
1467,-0.44,27,Bedok,0.67,1,0.76,32
1468,0.17,74,Sengkang,0.56,0,0.56,45
1469,0.26,32,Choa Chu Kang,0.77,0,0.34,52
1470,0,36,Tampines,1,1,0.57,31
1471,-0.21,48,Jurong West,0.54,1,0.76,28
1472,0.27,18,Ang Mo Kio,0.66,1,0.82,34
1473,-0.12,45,Toa Payoh,0.52,1,0.62,29
1474,-0.2,39,Bukit Panjang,0.46,1,0.77,30
1475,-0.23,58,Bukit Panjang,0.44,1,0.79,25
1476,-0.4,63,Punggol,0.65,1,0.48,25
1477,0.02,50,Bukit Panjang,0.59,0,0.24,48
1478,-0.13,31,Bukit Panjang,0.9,1,0.81,32
1479,0.36,71,Punggol,0.69,1,0.74,24
1480,-0.32,68,Bedok,0.48,1,0.38,23
1481,0.29,31,Hougang,0.86,0,0.62,51
1482,0.09,45,Bukit Panjang,0.68,1,0.54,28
1483,0.08,48,Tampines,0.75,1,0.67,27
1484,0.2,35,Pasir Ris,0.56,1,1,28
1485,0.34,26,Yishun,0.67,1,0.97,32
1486,0.36,33,Choa Chu Kang,0.52,0,0.92,52
1487,0.16,36,Pasir Ris,0.74,1,0.45,28
1488,-0.44,19,Yishun,0.9,0,1,56
1489,-0.08,38,Bedok,0.5,1,0.56,31
1490,0.18,18,Choa Chu Kang,0.72,1,1,35
1491,0.36,34,Tampines,0.55,0,0.77,53
1492,0.31,36,Choa Chu Kang,0.38,1,0.72,30
1493,-0.08,62,Bedok,0.63,0,0.6,47
1494,0.07,30,Punggol,0.67,0,0.54,51
1495,-0.5,41,Jurong West,0.69,1,0.76,31
1496,0.07,36,Sengkang,1,0,0.84,52
1497,0.37,61,Tampines,0.86,1,0.58,25
1498,-0.19,38,Pasir Ris,0.61,0,0.53,50
1499,-0.43,46,Jurong West,0.54,1,0.56,28
1500,0.3,52,Choa Chu Kang,0.55,1,0.81,27
1501,0.33,36,Bukit Panjang,0.52,1,0.76,31
1502,0.49,60,Punggol,0.61,1,0.87,27
1503,-0.42,21,Bedok,0.77,1,0.79,34
1504,0.22,38,Choa Chu Kang,0.65,0,0.93,50
1505,0.26,25,Pasir Ris,0.97,1,0.54,34
1506,0.1,35,Yishun,0.85,0,0.65,51
1507,0.07,51,Choa Chu Kang,1,1,0.18,28
1508,-0.24,30,Choa Chu Kang,0.84,0,0.71,52
1509,-0.41,74,Yishun,0.99,1,0.74,24
1510,0.31,62,Choa Chu Kang,0.61,0,0.64,45
1511,0.38,61,Choa Chu Kang,0.73,1,0.35,26
1512,0.46,63,Bukit Panjang,0.62,1,0.3,25
1513,0.27,70,Yishun,0.57,1,0.26,23
1514,-0.49,46,Punggol,0.44,1,0.9,28
1515,0.46,66,Jurong West,0.58,1,0.51,25
1516,0.21,28,Hougang,0.87,1,0.83,32
1517,-0.04,21,Punggol,0.7,0,0.44,53
1518,0.43,67,Bedok,1,1,0.69,24
1519,-0.21,23,Hougang,0.94,0,0.8,55
1520,0.43,63,Ang Mo Kio,0.56,1,0.46,27
1521,-0.15,42,Yishun,0.94,0,0.95,49
1522,-0.18,54,Woodlands,0.49,1,0.77,27
1523,-0.36,19,Hougang,0.71,1,1,34
1524,0.47,53,Punggol,0.65,1,0.41,27
1525,-0.03,62,Ang Mo Kio,0.35,1,0.47,25
1526,0.29,28,Yishun,0.44,1,0.55,32
1527,0.15,30,Sengkang,0.66,1,0.81,31
1528,-0.12,68,Sengkang,0.76,1,0.45,22
1529,0.44,27,Sengkang,0.75,1,0.72,31
1530,0.4,71,Bedok,0.33,0,0.4,45
1531,0.22,37,Hougang,0.22,0,0.77,50
1532,-0.1,30,Hougang,0.71,0,0.69,52
1533,-0.18,65,Bedok,0.5,1,0.76,23
1534,-0.06,68,Sengkang,0.46,1,0.15,24
1535,0.35,55,Punggol,0.55,1,0.62,24
1536,0.2,49,Hougang,0.53,0,0.47,48
1537,-0.02,22,Sengkang,0.92,1,1,35
1538,0.09,30,Woodlands,0.96,0,0.8,54
1539,0.28,22,Woodlands,0.82,0,0.68,54
1540,-0.48,18,Ang Mo Kio,0.68,1,0.73,34
1541,-0.08,67,Tampines,0.48,0,0.87,43
1542,0.06,41,Punggol,0.57,0,0.73,49
1543,-0.38,21,Sengkang,0.49,1,0.78,35
1544,0.35,37,Choa Chu Kang,0.5,1,0.59,32
1545,0.41,45,Sengkang,1,0,0.79,47
1546,-0.13,29,Sengkang,0.37,0,1,51
1547,-0.47,23,Woodlands,0.24,0,0.87,55
1548,0.2,49,Jurong West,0.58,1,0.8,25
1549,-0.12,62,Yishun,0.75,0,0.47,47
1550,-0.25,47,Sengkang,0.57,1,0.36,27
1551,-0.02,62,Punggol,0.73,1,0.61,25
1552,-0.39,49,Choa Chu Kang,0.86,0,0.81,48
1553,-0.39,34,Punggol,0.74,1,0.61,31
1554,0.06,28,Woodlands,0.52,1,0.69,32
1555,-0.26,72,Yishun,0.56,1,0.43,23
1556,-0.44,62,Bedok,0.55,1,0.56,28
1557,-0.16,51,Sengkang,0.53,1,0.72,29
1558,0.29,64,Tampines,0.48,1,0.39,28
1559,-0.32,53,Punggol,0.25,1,0.75,29
1560,-0.43,67,Tampines,0.35,0,0.43,44
1561,0.31,59,Hougang,0.42,0,0.7,45
1562,0.04,36,Jurong West,0.78,1,0.83,31
1563,0.43,29,Sengkang,0.78,0,0.75,50
1564,-0.48,57,Tampines,0.67,1,0.22,28
1565,0.14,62,Yishun,0.52,0,0.82,46
1566,0.19,23,Punggol,0.76,1,0.92,33
1567,0.33,73,Jurong West,0.44,1,0.4,25
1568,-0.25,58,Ang Mo Kio,0.42,1,1,26
1569,-0.42,39,Woodlands,0.52,1,0.92,29
1570,-0.5,73,Tampines,0.31,0,0.29,44
1571,0.43,39,Bedok,0.75,1,1,31
1572,-0.36,22,Tampines,0.88,1,0.46,32
1573,0.11,51,Bedok,0.54,1,0.62,28
1574,-0.18,68,Yishun,0.52,1,0.59,23
1575,-0.25,70,Punggol,0.34,1,0.29,24
1576,-0.09,44,Hougang,1,0,0.52,51
1577,0.47,20,Yishun,0.89,1,0.32,34
1578,0.4,60,Punggol,0.71,1,0.42,27
1579,-0.31,36,Sengkang,0.42,1,0.85,30
1580,0.13,24,Yishun,0.72,1,0.58,33
1581,0.34,74,Choa Chu Kang,0.52,1,0.38,25
1582,-0.4,18,Yishun,1,1,0.83,36
1583,0.45,73,Woodlands,0.84,0,0.21,43
1584,-0.42,57,Punggol,0.62,0,0.39,46
1585,-0.24,67,Sengkang,0.78,0,0.4,44
1586,0.36,39,Choa Chu Kang,0.72,0,0.57,51
1587,-0.06,44,Tampines,0.79,1,0.65,31
1588,-0.14,41,Woodlands,0.84,1,0.75,28
1589,0.33,44,Sengkang,0.59,0,0.55,50
1590,-0.19,26,Yishun,0.51,1,0.74,31
1591,0.28,43,Yishun,0.59,1,0.89,30
1592,-0.35,41,Yishun,0.8,1,0.89,31
1593,0.24,52,Sengkang,0.78,1,0.31,27
1594,0.31,67,Punggol,0.64,1,0.47,24
1595,-0.48,25,Bedok,0.59,0,0.63,53
1596,-0.41,52,Bedok,0.25,1,0.66,28
1597,-0.28,48,Woodlands,0.55,1,0.47,28
1598,0.12,48,Sengkang,0.75,1,0.85,29
1599,0.31,38,Hougang,0.91,1,0.33,32
1600,0.43,59,Bedok,0.58,1,0.5,25
1601,-0.21,44,Sengkang,0.56,1,0.67,31
1602,0.18,47,Tampines,0.53,1,0.62,30
1603,0.34,33,Jurong West,0.82,1,0.58,31
1604,0.34,19,Yishun,0.71,1,0.61,35
1605,-0.47,23,Sengkang,0.83,0,0.88,55
1606,-0.14,73,Choa Chu Kang,0.66,0,0.36,45
1607,0.38,55,Bedok,0.3,1,0.47,26
1608,0.28,33,Yishun,0.12,0,0.61,51
1609,-0.29,64,Hougang,0.45,1,0.7,26
1610,-0.44,53,Bedok,0.75,1,0.61,27
1611,0.46,32,Sengkang,0.41,1,0.72,32
1612,-0.28,32,Sengkang,0.65,1,0.47,34
1613,-0.38,24,Punggol,0.74,0,0.47,54
1614,0.47,63,Yishun,0.5,1,0.44,25
1615,0.14,19,Yishun,0.86,1,0.77,34
1616,-0.3,62,Woodlands,0.43,1,0.71,27
1617,-0.24,35,Yishun,0.96,1,0.68,30
1618,-0.4,55,Jurong West,0.51,0,0.61,45
1619,-0.31,19,Punggol,0.72,1,1,33
1620,0.48,27,Tampines,0.6,1,0.89,33
1621,0.47,41,Hougang,0.88,1,0.41,30
1622,-0.02,73,Tampines,0.5,0,0.42,43
1623,0.16,55,Choa Chu Kang,0.48,1,0.41,26
1624,-0.18,41,Choa Chu Kang,0.65,0,0.35,49
1625,-0.5,31,Tampines,0.83,1,0.78,32
1626,-0.02,63,Jurong West,0.51,0,0.54,43
1627,0.19,64,Woodlands,0.67,1,0.49,25
1628,-0.49,56,Yishun,0.68,1,0.45,28
1629,-0.19,50,Woodlands,0.03,1,0.49,29
1630,0.03,34,Hougang,1,1,0.75,32
1631,-0.37,46,Jurong West,0.63,1,0.64,29
1632,0.19,35,Bedok,0.76,0,0.81,50
1633,0.46,37,Hougang,0.5,0,0.58,49
1634,-0.38,56,Yishun,0.66,1,0.11,25
1635,0.37,40,Ang Mo Kio,0.33,1,0.48,29
1636,0.14,57,Ang Mo Kio,0.6,1,0.35,26
1637,0.21,32,Yishun,0.24,0,0.43,52
1638,-0.48,73,Choa Chu Kang,0.77,1,0.67,25
1639,-0.43,28,Ang Mo Kio,0.4,1,0.98,33
1640,-0.4,53,Choa Chu Kang,0.74,1,0.46,28
1641,0.3,54,Sengkang,0.95,1,0.98,28
1642,0.32,60,Tampines,0.5,1,0.69,28
1643,-0.22,59,Yishun,0.45,1,0.7,27
1644,0.25,35,Choa Chu Kang,0.59,0,0.78,48
1645,0.36,45,Jurong West,0.4,1,0.59,27
1646,-0.05,19,Jurong West,0.64,1,0.87,34
1647,0.15,26,Choa Chu Kang,0.71,1,0.65,30
1648,0.3,26,Jurong West,1,0,0.74,54
1649,-0.28,44,Sengkang,0.71,0,0.64,50
1650,0.47,40,Yishun,0.5,1,0.49,30
1651,-0.1,41,Hougang,0.52,1,0.39,29
1652,0.42,26,Bedok,0.79,0,0.77,52
1653,0.03,50,Tampines,0.8,0,0.48,47
1654,-0.18,33,Sengkang,0.51,0,0.34,52
1655,0.2,52,Sengkang,0.59,1,0.62,27
1656,-0.16,67,Yishun,0.51,1,0.64,26
1657,0.47,69,Woodlands,0.71,1,0.36,25
1658,0.47,59,Woodlands,0.39,1,0.56,26
1659,-0.17,72,Sengkang,0.6,0,0.46,45
1660,-0.16,31,Jurong West,0.35,0,0.69,52
1661,0.29,18,Jurong West,0.77,0,0.99,53
1662,0.42,34,Hougang,0.59,1,0.6,31
1663,-0.49,62,Choa Chu Kang,0.69,1,0.42,24
1664,-0.25,62,Hougang,0.48,1,0.54,25
1665,0.06,50,Ang Mo Kio,0.38,1,0.79,28
1666,-0.49,54,Jurong West,0.2,1,0.57,28
1667,-0.36,41,Yishun,0.56,1,0.66,29
1668,0.49,60,Bedok,0.29,1,1,24
1669,-0.4,58,Jurong West,0.56,1,0.33,26
1670,0.05,51,Bedok,0.54,1,0.68,26
1671,-0.19,55,Hougang,0.38,1,0.34,27
1672,-0.35,59,Hougang,0.63,1,0.56,27
1673,-0.16,24,Choa Chu Kang,0.47,1,0.98,35
1674,0.4,31,Jurong West,0.68,0,0.58,52
1675,-0.29,62,Hougang,0.42,1,0.49,25
1676,-0.3,52,Tampines,0.63,1,0.6,28
1677,0.35,42,Yishun,0.6,0,0.64,51
1678,0.48,73,Hougang,0.55,1,0.33,23
1679,0.17,47,Woodlands,0.4,1,0.84,27
1680,-0.15,43,Sengkang,0,0,0.87,49
1681,0.25,62,Woodlands,0.59,1,0.59,27
1682,0.21,41,Yishun,0.57,1,0.56,30
1683,-0.33,35,Sengkang,0.59,1,0.62,30
1684,-0.23,22,Tampines,0.91,1,1,33
1685,-0.4,47,Yishun,0.81,1,0.66,28
1686,0.03,68,Woodlands,0.42,1,0.52,23
1687,0.33,58,Bedok,0.66,1,0.72,25
1688,-0.11,36,Ang Mo Kio,0.57,0,0.62,49
1689,-0.27,29,Hougang,0.42,0,0.91,51
1690,-0.39,26,Woodlands,0.83,0,0.92,52
1691,-0.2,19,Jurong West,0.74,1,0.93,33
1692,-0.25,58,Choa Chu Kang,0.33,0,0.52,45
1693,-0.42,40,Woodlands,0.6,0,0.73,49
1694,0.02,34,Woodlands,0.73,0,0.75,51
1695,-0.13,52,Jurong West,0.19,1,0.47,29
1696,-0.24,39,Choa Chu Kang,0.78,1,0.85,30
1697,-0.46,54,Yishun,0.51,1,0.75,28
1698,0.07,18,Ang Mo Kio,0.63,0,0.94,54
1699,-0.02,33,Yishun,0.67,0,0.58,52
1700,-0.35,64,Choa Chu Kang,0.64,1,0.89,27
1701,0.13,32,Jurong West,0.92,0,0.51,52
1702,-0.02,68,Bedok,0.42,1,0.53,25
1703,0.07,64,Ang Mo Kio,0.29,1,0.4,26
1704,0.29,59,Choa Chu Kang,0.56,1,0.02,26
1705,0.28,71,Sengkang,0.1,1,0.52,25
1706,-0.31,54,Bedok,0.47,0,0.98,48
1707,0.37,48,Jurong West,0.69,0,0.57,48
1708,0.01,20,Woodlands,0.71,0,1,53
1709,0.16,50,Sengkang,0.48,1,0.78,28
1710,-0.2,50,Choa Chu Kang,0.57,1,0.73,28
1711,0.42,50,Choa Chu Kang,0.52,0,0.35,48
1712,-0.34,41,Hougang,0.45,0,0.87,49
1713,-0.03,59,Choa Chu Kang,0.61,1,0.87,26
1714,0.08,40,Sengkang,0.76,1,0.77,31
1715,-0.27,50,Hougang,0.52,1,0.5,28
1716,0.1,68,Tampines,0.53,1,0.42,24
1717,0.46,45,Choa Chu Kang,0.93,0,0.76,48
1718,-0.26,42,Woodlands,0.61,1,0.85,30
1719,-0.17,74,Jurong West,0.48,1,0,25
1720,-0.21,56,Jurong West,0.36,1,0.87,27
1721,-0.1,50,Sengkang,0.71,1,0.58,27
1722,-0.4,62,Bedok,0.8,1,0.96,26
1723,0.38,51,Hougang,0.45,1,0.5,29
1724,-0.22,60,Yishun,0.41,1,0.46,25
1725,0.19,56,Jurong West,0.58,1,0.5,25
1726,-0.07,68,Bedok,0.96,1,0.73,25
1727,-0.16,37,Choa Chu Kang,0.45,1,0.7,30
1728,-0.14,49,Woodlands,0.56,1,0.69,28
1729,-0.36,45,Choa Chu Kang,0.29,1,0.49,29
1730,-0.2,56,Woodlands,0.76,1,0.68,28
1731,0.27,27,Ang Mo Kio,0.81,1,0.84,33
1732,-0.05,68,Yishun,0.55,1,0.5,24
1733,0.47,28,Choa Chu Kang,0.64,1,0.76,33
1734,-0.24,28,Jurong West,0.87,1,0.59,32
1735,0.47,37,Woodlands,1,1,0.4,30
1736,0.12,30,Tampines,0.69,0,0.73,53
1737,0.15,46,Tampines,0.4,1,0.5,27
1738,0.02,69,Yishun,0.72,1,0.34,25
1739,-0.05,58,Sengkang,0.42,1,0.54,26
1740,-0.48,27,Jurong West,0.68,0,1,52
1741,0.43,66,Choa Chu Kang,0.71,1,0.52,24
1742,0.14,40,Yishun,0.69,0,0.45,50
1743,0.04,74,Hougang,0.3,1,0.39,23
1744,-0.01,43,Jurong West,0.66,1,0.72,31
1745,0.02,57,Tampines,0.53,1,0.33,26
1746,-0.49,51,Tampines,0.53,0,0.91,48
1747,-0.03,43,Jurong West,0.82,1,0.62,29
1748,0.2,36,Sengkang,0.84,1,0.74,28
1749,0.15,51,Hougang,0.21,1,0.63,29
1750,0.12,69,Yishun,0.46,1,0.42,25
1751,0.39,51,Jurong West,0.52,1,0.69,26
1752,-0.46,73,Woodlands,0.55,1,0.43,22
1753,0.38,54,Hougang,0.57,1,0.27,29
1754,-0.38,71,Woodlands,0.48,1,0.86,24
1755,0.43,52,Yishun,0.53,1,0.77,26
1756,-0.38,49,Hougang,0.36,0,0.66,48
1757,-0.41,37,Woodlands,0.65,1,0.78,30
1758,-0.01,56,Yishun,0.31,1,0.41,27
1759,0.08,36,Hougang,0.78,1,0.44,30
1760,-0.45,61,Tampines,0.3,1,0.84,26
1761,-0.43,47,Sengkang,0.64,0,0.57,49
1762,0.12,70,Ang Mo Kio,0.52,1,0.52,25
1763,0.28,24,Bedok,0.63,0,0.35,53
1764,-0.03,49,Sengkang,0.52,1,0.64,27
1765,0.15,58,Jurong West,0.8,1,0.56,25
1766,-0.17,41,Hougang,0.84,1,0.38,29
1767,-0.32,51,Sengkang,0.28,1,0.69,28
1768,-0.03,56,Woodlands,0.72,1,0.18,24
1769,0.04,58,Hougang,0.62,0,0.26,47
1770,-0.36,31,Hougang,0.64,1,0.9,33
1771,0.33,19,Yishun,1,0,0.72,55
1772,-0.01,48,Woodlands,0.6,1,0.7,28
1773,-0.43,63,Yishun,0.56,1,0.59,26
1774,-0.07,26,Hougang,0.99,1,0.73,32
1775,-0.32,40,Sengkang,0.49,1,0.6,31
1776,-0.16,61,Jurong West,0.37,1,0.5,26
1777,0.44,31,Sengkang,0.83,1,0.55,34
1778,0.41,29,Bedok,0.66,0,1,50
1779,-0.22,56,Yishun,0.46,0,0.79,46
1780,-0.04,62,Yishun,0.35,1,0.85,28
1781,-0.38,44,Ang Mo Kio,0.33,1,0.58,31
1782,0,53,Woodlands,0.66,1,0.54,28
1783,0.01,60,Bedok,0.68,1,0.48,26
1784,0.29,67,Bedok,0.46,1,0.3,25
1785,0.17,62,Ang Mo Kio,0.57,1,0.91,28
1786,-0.49,55,Tampines,0.78,0,0.45,47
1787,-0.45,63,Sengkang,0.3,1,0.61,26
1788,-0.31,65,Yishun,0.35,1,0.51,24
1789,0.41,65,Jurong West,0.33,1,0.62,25
1790,0.38,51,Yishun,0.46,1,0.51,28
1791,0.29,66,Tampines,0.47,1,0.75,25
1792,0.22,74,Sengkang,0.46,1,0.67,24
1793,0.35,27,Sengkang,0.69,1,0.77,31
1794,0.29,36,Yishun,0.64,0,0.63,51
1795,-0.19,30,Bedok,0.76,0,0.54,52
1796,0.33,35,Jurong West,0.38,1,0.72,30
1797,0.36,35,Yishun,1,1,0.65,29
1798,-0.47,72,Woodlands,0.27,1,0.38,25
1799,0.2,62,Sengkang,0.45,1,0.44,27
1800,0.08,31,Sengkang,0.62,1,0.87,32
1801,0.47,55,Bedok,0.51,1,0.61,25
1802,-0.21,46,Yishun,0.57,0,0.59,48
1803,0.39,39,Bedok,0.97,0,1,49
1804,0.12,56,Jurong West,0.7,1,0.12,26
1805,-0.18,42,Ang Mo Kio,0.67,1,0.42,30
1806,-0.27,40,Hougang,0.91,1,0.74,32
1807,-0.03,68,Bedok,0.39,1,0.47,24
1808,-0.06,63,Sengkang,0.4,1,0.44,26
1809,-0.14,38,Yishun,0.73,1,0.59,31
1810,0.21,43,Yishun,0.7,0,0.74,50
1811,-0.41,25,Woodlands,0.68,0,0.52,52
1812,-0.22,68,Tampines,0.59,1,0.56,25
1813,0.23,73,Jurong West,0.43,1,0.21,24
1814,0.24,60,Tampines,0.36,1,0.76,25
1815,0.25,52,Yishun,0.33,0,0.93,48
1816,0.35,50,Jurong West,0.84,1,0.42,29
1817,0.11,21,Woodlands,0.83,0,0.61,52
1818,0.01,19,Jurong West,0.95,1,0.33,36
1819,0.3,25,Tampines,0.74,1,0.82,32
1820,0.08,54,Tampines,0.32,1,0.64,29
1821,-0.14,23,Jurong West,0.87,1,1,34
1822,0.14,24,Yishun,1,0,0.5,52
1823,0.28,26,Tampines,0.7,1,0.77,31
1824,0.37,66,Hougang,0.52,0,0.59,43
1825,-0.04,20,Hougang,0.33,1,0.8,35
1826,-0.14,32,Yishun,0.62,1,0.59,33
1827,-0.32,55,Woodlands,0.36,1,0.57,26
1828,-0.18,47,Yishun,0.5,1,0.55,27
1829,0.04,34,Jurong West,0.9,1,0.53,33
1830,0.32,42,Sengkang,0.78,1,0.4,29
1831,-0.09,46,Ang Mo Kio,0.63,1,0.61,28
1832,-0.08,34,Yishun,0.65,1,0.64,30
1833,-0.16,56,Yishun,0.21,1,0.81,27
1834,0.1,29,Woodlands,0.63,1,0.61,33
1835,-0.3,20,Jurong West,0.88,0,0.54,54
1836,-0.38,39,Woodlands,0.77,1,0.72,30
1837,0.49,61,Hougang,0.29,0,0.74,44
1838,0.2,34,Tampines,0.45,1,0.55,33
1839,-0.2,58,Tampines,0.46,1,0.54,26
1840,-0.11,22,Jurong West,0.95,1,0.79,35
1841,-0.22,55,Tampines,0.57,1,0.07,26
1842,0.07,56,Woodlands,0.55,1,0.73,25
1843,0.24,63,Jurong West,0.15,1,0.69,25
1844,-0.26,51,Tampines,0.29,1,0.69,28
1845,-0.42,65,Woodlands,0.67,1,0.53,24
1846,-0.4,66,Jurong West,0.38,1,0.69,25
1847,-0.07,53,Jurong West,0.62,1,0.79,30
1848,-0.12,21,Tampines,0.75,0,0.67,55
1849,0.11,60,Jurong West,0.49,1,0.86,26
1850,0.12,37,Jurong West,0.65,1,0.74,31
1851,0.1,69,Jurong West,0.39,1,0.5,24
1852,0.22,75,Jurong West,0.27,0,0.96,43
1853,0.31,22,Woodlands,0.47,0,0.69,53
1854,0.4,40,Ang Mo Kio,0.79,1,0.49,30
1855,0.2,19,Tampines,0.65,0,0.56,54
1856,0.24,74,Jurong West,0.2,1,0.71,23
1857,-0.05,43,Woodlands,0.71,1,0.76,32
1858,0.39,68,Woodlands,0.52,1,0.33,24
1859,0.34,30,Jurong West,0.36,0,0.69,53
1860,-0.21,53,Tampines,0.25,1,0.19,30
1861,0.45,22,Tampines,0.85,0,1,55
1862,0.46,45,Ang Mo Kio,0.8,1,0.72,28
1863,-0.09,45,Tampines,0.59,1,0.59,28
1864,-0.38,60,Tampines,0.64,1,0.67,28
1865,0.04,27,Woodlands,0.76,0,0.49,52
1866,-0.37,38,Ang Mo Kio,0.68,1,0.43,29
1867,-0.1,39,Woodlands,0.63,1,0.4,30
1868,0.16,35,Jurong West,0.81,1,0.82,29
1869,0.2,23,Woodlands,0.55,1,0.77,33
1870,-0.17,30,Ang Mo Kio,0.53,1,0.72,30
1871,-0.38,68,Ang Mo Kio,0.87,1,0.54,22
1872,0.48,45,Ang Mo Kio,0.5,1,0.92,28
1873,-0.21,63,Woodlands,0.16,1,0.49,26
1874,0.21,68,Ang Mo Kio,0.47,1,0.34,25
1875,0.24,52,Woodlands,0.62,0,0.51,48
1876,0.06,46,Ang Mo Kio,0.36,0,0.6,48
1877,0.05,22,Woodlands,0.63,1,1,33
1878,0.31,44,Woodlands,0.58,1,0.52,30
1879,-0.46,38,Woodlands,0.66,0,0.76,50
1880,0.43,30,Jurong West,1,0,0.69,51
1881,-0.2,74,Tampines,0.47,0,0.64,44
1882,-0.32,36,Woodlands,0.52,1,0.19,31
1883,0.42,37,Jurong West,0.43,0,0.68,51
1884,-0.01,31,Tampines,0.61,0,0.84,53
1885,0.21,66,Jurong West,0.56,1,1,23
1886,0.47,58,Tampines,0.52,0,0.31,46
1887,0.08,52,Woodlands,0.37,1,0.6,26
1888,-0.18,37,Woodlands,0.54,0,0.4,50
1889,0.14,73,Woodlands,1,1,0.84,24
1890,-0.32,57,Woodlands,0.49,1,0.25,28
1891,-0.21,75,Ang Mo Kio,0.04,0,0.68,44
1892,-0.49,55,Woodlands,0.49,1,0.5,25
1893,0.34,57,Jurong West,0.82,1,0.38,27
1894,0,65,Tampines,0.53,1,0.58,24
1895,0.01,37,Jurong West,0.89,0,0.44,48
1896,0.3,50,Jurong West,0.33,1,0.57,28
1897,0.31,70,Tampines,0.65,1,0.68,24
1898,0.09,65,Jurong West,0.38,1,0.6,24
1899,-0.31,21,Woodlands,0.65,1,0.62,34
1900,-0.4,18,Ang Mo Kio,0.59,1,0.5,33
1901,-0.44,41,Jurong West,0.68,1,0.51,30
1902,0.07,74,Jurong West,0.18,0,0.92,45
1903,0.32,45,Tampines,0.9,1,0.97,29
1904,0.37,54,Ang Mo Kio,0.74,1,0.39,27
1905,0.13,37,Woodlands,0.49,1,0.59,30
1906,0.23,74,Ang Mo Kio,0.78,1,0.43,25
1907,-0.23,59,Tampines,0.28,1,0.59,23
1908,-0.4,22,Woodlands,0.77,0,0.85,55
1909,0.32,33,Jurong West,0.82,0,0.76,52
1910,0.44,23,Jurong West,0.93,1,0.97,35
1911,0.29,57,Tampines,0.28,1,0.16,26
1912,0.07,51,Jurong West,0.74,1,0.39,28
1913,-0.09,19,Woodlands,0.92,0,0.67,55
1914,0.01,33,Tampines,0.85,1,0.69,32
1915,0.49,59,Woodlands,0.52,0,0.46,47
1916,0.08,69,Woodlands,0.56,1,0.4,23
1917,-0.01,25,Jurong West,0.65,1,0.69,32
1918,-0.38,33,Woodlands,0.68,0,0.56,53
1919,-0.36,74,Tampines,0.54,1,0.84,24
1920,-0.03,19,Tampines,0.76,0,0.77,53
1921,-0.07,33,Tampines,0.69,1,0.34,33
1922,-0.2,59,Woodlands,0.94,0,0.53,46
1923,0.12,71,Woodlands,0.6,1,0.31,23
1924,-0.45,63,Tampines,0.75,1,0.05,27
1925,-0.01,70,Tampines,0.32,1,0.37,24
1926,0.45,74,Jurong West,0.61,1,0.67,26
1927,-0.4,62,Tampines,0.67,1,0.5,28
1928,0.06,44,Jurong West,0.62,0,0.83,51
1929,0.44,70,Woodlands,0.58,1,0.49,22
1930,-0.08,51,Ang Mo Kio,0.79,1,0.51,29
1931,0.46,59,Woodlands,0.56,1,0.48,27
1932,0.43,62,Woodlands,0.38,0,0.43,47
1933,-0.25,26,Jurong West,0.83,1,0.78,32
1934,-0.47,54,Tampines,0.53,1,0.15,28
1935,-0.17,20,Woodlands,0.79,0,0.75,54
1936,0.26,56,Tampines,0.67,0,0.68,44
1937,0.18,42,Ang Mo Kio,0.65,1,0.74,30
1938,-0.35,31,Jurong West,0.44,1,0.49,30
1939,-0.45,49,Tampines,0.42,0,0.38,48
1940,0.09,26,Tampines,0.86,0,0.69,52
1941,-0.42,43,Jurong West,0.5,0,0.35,49
1942,0.08,44,Jurong West,0.66,0,1,51
1943,-0.29,31,Ang Mo Kio,0.73,0,0.76,52
1944,0.3,19,Jurong West,0.89,0,0.76,55
1945,0.21,45,Woodlands,1,1,0.83,27
1946,-0.11,72,Woodlands,0.54,1,0.47,23
1947,0.46,54,Jurong West,0.51,1,0.89,27
1948,-0.39,18,Ang Mo Kio,0.8,0,0.66,54
1949,-0.11,20,Tampines,0.65,0,1,55
1950,-0.09,58,Woodlands,0.3,1,0.92,26
1951,0,39,Jurong West,0.7,1,0.62,32
1952,0.14,47,Tampines,0.8,1,0.55,29
1953,-0.01,45,Tampines,0.82,0,0.7,50
1954,-0.29,46,Woodlands,0.53,1,0.85,28
1955,-0.5,18,Jurong West,0.58,0,0.81,54
1956,-0.01,70,Woodlands,0.63,1,0.6,25
1957,-0.41,74,Ang Mo Kio,0.49,1,0.75,25
1958,0.02,52,Jurong West,0.33,1,0.48,28
1959,-0.14,53,Woodlands,0.63,1,0.17,28
1960,-0.08,55,Jurong West,0.47,1,0.51,26
1961,0.26,49,Woodlands,0.7,1,0.71,28
1962,0.48,75,Ang Mo Kio,0.76,1,0.43,24
1963,-0.37,50,Ang Mo Kio,0.67,1,0.4,28
1964,0.41,34,Woodlands,0.56,1,0.9,30
1965,-0.31,75,Jurong West,0.38,1,0.48,24
1966,0.07,37,Woodlands,0.74,0,0.83,52
1967,-0.06,55,Ang Mo Kio,0.42,1,0.65,26
1968,-0.37,59,Woodlands,0.46,1,0.59,27
1969,0.05,23,Ang Mo Kio,0.74,0,0.59,54
1970,0.04,36,Woodlands,0.84,1,0.62,28
1971,-0.01,67,Jurong West,0.41,1,0.4,23
1972,-0.26,69,Ang Mo Kio,0.43,1,0.26,25
1973,0.24,27,Woodlands,1,1,0.64,31
1974,0.21,36,Ang Mo Kio,0.25,1,0.95,31
1975,-0.36,21,Ang Mo Kio,1,1,0.98,34
1976,0.02,35,Woodlands,0.45,0,0.64,49
1977,0.09,52,Jurong West,0.67,0,0.47,48
1978,0.16,52,Jurong West,0.42,1,0.75,29
1979,-0.44,53,Woodlands,1,1,0.59,26
1980,-0.32,31,Jurong West,0.63,1,0.63,30
1981,0.02,44,Ang Mo Kio,0.73,0,0.36,50
1982,0.31,18,Jurong West,0.97,0,0.9,54
1983,-0.02,32,Jurong West,0.78,1,1,31
1984,-0.17,31,Woodlands,0.62,1,0.86,33
1985,-0.11,69,Woodlands,0.76,1,0.36,24
1986,-0.28,56,Jurong West,0.26,1,0.37,26
1987,-0.41,58,Ang Mo Kio,0.98,1,0.62,26
1988,0.38,46,Woodlands,0.51,1,0.81,28
1989,-0.17,64,Jurong West,0.45,1,0.66,25
1990,0.31,48,Jurong West,0.9,0,0.7,47
1991,0.35,38,Ang Mo Kio,0.45,1,0.64,30
1992,-0.47,27,Woodlands,0.88,1,0.59,32
1993,0.43,40,Ang Mo Kio,0.83,1,0.87,30
1994,-0.36,42,Ang Mo Kio,0.56,0,1,49
1995,0.25,32,Ang Mo Kio,0.85,1,0.71,31
1996,-0.48,29,Ang Mo Kio,0.37,1,0.6,32
1997,-0.37,66,Ang Mo Kio,0.82,1,0.22,25
1998,-0.27,23,Ang Mo Kio,1,0,0.84,52
1999,0.45,51,Ang Mo Kio,0.45,0,0.65,49